"GeoFIPS","GeoName","Region","X2010.Q1.income","X2010.Q2.income","X2010.Q3.income","X2010.Q4.income","X2011.Q1.income","X2011.Q2.income","X2011.Q3.income","X2011.Q4.income","X2012.Q1.income","X2012.Q2.income","X2012.Q3.income","X2012.Q4.income","X2013.Q1.income","X2013.Q2.income","X2013.Q3.income","X2013.Q4.income","X2014.Q1.income","X2014.Q2.income","X2014.Q3.income","X2014.Q4.income","X2015.Q1.income","X2015.Q2.income","X2015.Q3.income","X2015.Q4.income","X2016.Q1.income","X2016.Q2.income","X2016.Q3.income","X2016.Q4.income","X2017.Q1.income","X2017.Q2.income","X2017.Q3.income","X2017.Q4.income","X2018.Q1.income","X2018.Q2.income","X2018.Q3.income","X2018.Q4.income","X2019.Q1.income","X2019.Q2.income","X2019.Q3.income","X2019.Q4.income","X2020.Q1.income","X2020.Q2.income","X2020.Q3.income","X2020.Q4.income","X2021.Q1.income","X2021.Q2.income","X2021.Q3.income","X2021.Q4.income","X2022.Q1.income","X2022.Q2.income","X2022.Q3.income","X2022.Q4.income","X2010.Q1.population","X2010.Q2.population","X2010.Q3.population","X2010.Q4.population","X2011.Q1.population","X2011.Q2.population","X2011.Q3.population","X2011.Q4.population","X2012.Q1.population","X2012.Q2.population","X2012.Q3.population","X2012.Q4.population","X2013.Q1.population","X2013.Q2.population","X2013.Q3.population","X2013.Q4.population","X2014.Q1.population","X2014.Q2.population","X2014.Q3.population","X2014.Q4.population","X2015.Q1.population","X2015.Q2.population","X2015.Q3.population","X2015.Q4.population","X2016.Q1.population","X2016.Q2.population","X2016.Q3.population","X2016.Q4.population","X2017.Q1.population","X2017.Q2.population","X2017.Q3.population","X2017.Q4.population","X2018.Q1.population","X2018.Q2.population","X2018.Q3.population","X2018.Q4.population","X2019.Q1.population","X2019.Q2.population","X2019.Q3.population","X2019.Q4.population","X2020.Q1.population","X2020.Q2.population","X2020.Q3.population","X2020.Q4.population","X2021.Q1.population","X2021.Q2.population","X2021.Q3.population","X2021.Q4.population","X2022.Q1.population","X2022.Q2.population","X2022.Q3.population","X2022.Q4.population","X2010.Q1","X2010.Q2","X2010.Q3","X2010.Q4","X2011.Q1","X2011.Q2","X2011.Q3","X2011.Q4","X2012.Q1","X2012.Q2","X2012.Q3","X2012.Q4","X2013.Q1","X2013.Q2","X2013.Q3","X2013.Q4","X2014.Q1","X2014.Q2","X2014.Q3","X2014.Q4","X2015.Q1","X2015.Q2","X2015.Q3","X2015.Q4","X2016.Q1","X2016.Q2","X2016.Q3","X2016.Q4","X2017.Q1","X2017.Q2","X2017.Q3","X2017.Q4","X2018.Q1","X2018.Q2","X2018.Q3","X2018.Q4","X2019.Q1","X2019.Q2","X2019.Q3","X2019.Q4","X2020.Q1","X2020.Q2","X2020.Q3","X2020.Q4","X2021.Q1","X2021.Q2","X2021.Q3","X2021.Q4","X2022.Q1","X2022.Q2","X2022.Q3","X2022.Q4","Total.doses.distributed","Doses.distributed.per.100K.pop","Doses.distributed.by.jurisdiction.per.100K.of.18..pop","Total.doses.administered.by.jurisdiction","Doses.administered.by.jurisdiction.per.100K.pop","Doses.administered.by.jurisdiction.to.18..pop","Doses.administered.by.jurisdiction.per.100K.of.18..pop","Residents.with.at.least.one.dose","Percent.of.total.pop.with.at.least.one.dose","Residents.18..with.at.least.one.dose","Percent.of.18..pop.with.at.least.one.dose","Residents.with.a.completed.primary.series","Percent.of.total.pop.with.a.completed.primary.series","Residents.18..with.a.completed.primary.series","Percent.of.18..pop.with.a.completed.primary.series","Total.number.of.original.Pfizer.doses.distributed","Total.number.of.Pfizer.updated.booster.doses.distributed","Total.number.of.original.Moderna.doses.distributed","Total.number.of.Moderna.updated.booster.doses.distributed","Total.number.of.Janssen.doses.distributed","Total.number.of.Novavax.doses.distributed","Total.number.of.doses.from.other.manufacturer.distributed","Total.number.of.Janssen.doses.administered","Total.number.of.original.Moderna.doses.administered","Total.number.of.Moderna.updated.booster.doses.administered","Total.number.of.original.Pfizer.doses.administered","Total.number.of.Pfizer.updated.booster.doses.administered","Total.number.of.Novavax.doses.administered","Total.number.of.doses.from.other.manufacturer.administered","Residents.65..with.at.least.one.dose","Percent.of.65..pop.with.at.least.one.dose","Residents.65..with.a.completed.primary.series","Percent.of.65..pop.with.a.completed.primary.series","Doses.administered.by.jurisdiction.to.65..pop","Doses.administered.by.jurisdiction.per.100K.of.65..pop","Doses.distributed.by.jurisdiction.per.100K.of.65..pop","Residents.12..with.at.least.one.dose","Percent.of.12..pop.with.at.least.one.dose","Residents.12..with.a.completed.primary.series","Percent.of.12..pop.with.a.completed.primary.series","Doses.administered.by.jurisdiction.to.12..pop","Doses.administered.by.jurisdiction.per.100K.of.12..pop","Doses.distributed.by.jurisdiction.per.100K.of.12..pop","Residents.5..with.at.least.one.dose","Percent.of.5..pop.with.at.least.one.dose","Residents.5..with.a.completed.primary.series","Percent.of.5..pop.with.a.completed.primary.series","Doses.administered.by.jurisdiction.to.5..pop","Doses.administered.by.jurisdiction.per.100K.of.5..pop","Doses.distributed.by.jurisdiction.per.100K.of.5..pop","Residents.with.an.updated..bivalent..booster.dose","Percent.of.pop.with.an.updated..bivalent..booster.dose","Residents.5..with.an.updated..bivalent..booster.dose","Percent.of.5..pop.with.an.updated..bivalent..booster.dose","Residents.12..with.an.updated..bivalent..booster.dose","Percent.of.12..pop.with.an.updated..bivalent..booster.dose","Residents.18..with.an.updated..bivalent..booster.dose","Percent.of.18..pop.with.an.updated..bivalent..booster.dose","Residents.65..with.an.updated..bivalent..booster.dose","Percent.of.65..pop.with.an.updated..bivalent..booster.dose","Children..5.with.at.least.one.dose","Total.number.of.updated..bivalent..booster.doses.administered","Herd.immunity","Income.per.dose","Most.common.vaccine","income_percent_increase10","increase_over_vaccines_administered","State.FIPS.Code","Postal.Code","Region.Name"
0,"United States",NA,12311038.1,12537406.3,12675765,12821826.6,13170613.6,13272551.1,13404270.4,13474308.9,13782978.7,13937105.4,13907136.3,14386163.6,14010895.7,14150636.3,14240498.3,14354881.7,14616124.9,14868196.5,15092376.4,15301410.1,15492551.5,15635102.7,15753647.9,15843629.9,15913193.5,15998876.7,16148669,16310112.9,16553654,16740048.5,16916798,17138847.5,17344234.2,17538302.2,17786721.6,18014958,18335215.6,18493580.4,18644944.2,18828127.7,19013184.9,20459375.8,19997807.5,19778315.9,22090041.2,20907855.1,20998895.9,21158043.8,21317802.1,21575362.5,21964557.6,22361426,308468490,309063707,309737272,310405165,310966123,311528789,312195098,312865178,313454791,314030959,314707765,315377936,315893911,316427678,317090818,317788421,318371003,318952816,319653477,320365970,320928498,321507595,322192783,322879162,323450927,324040184,324700124,325332236,325833100,326329951,326913667,327456720,327854615,328289107,328803043,329285250,329631772,330008780,330492384,330971591,331295979,331453875,331625387,331798967,331744065,331901960,332229899,332536080,332727966,333070786,333549569,334032634,39910,40566,40924,41307,42354,42605,42936,43067,43971,44381,44191,45616,44353,44720,44910,45171,45909,46616,47215,47762,48274,48631,48895,49070,49198,49373,49734,50134,50804,51298,51747,52339,52902,53423,54095,54709,55623,56040,56416,56887,57390,61726,60302,59609,66588,62994,63206,63626,64070,64777,65851,66944,976711975,"294183","378254",674711945,"203221",605944538,"234666",270142789,"81.4",238228680,"92.3",230467642,"69.4",204225229,"79.1",505008545,"85675750",313410420,"39773960",31552000,"1291300","N/A",18998381,232056215,"20142530",366782280,"35690430","85614","868527",58822256,"95",51695428,"94.3",183143476,"334252","1782580",256486869,"90.5",219851779,"77.5",646464414,"228014","344495",267972744,"85.8",229289485,"73.4",670301782,"214658","312783",55577285,"16.7",55475966,"17.8",54145110,"19.1",52209439,"20.2",23317736,"42.6","1968224","55818024",TRUE,0.0827763201926519,"Pfizer",61.6372976392472,2.28165622585792e-07,0,"US",""
1000,"Alabama",5,158974.3,161723,164445.3,164981.8,167490.6,167761.6,169022.7,169622.4,171805.2,173476.2,171972.3,176192.9,174319.6,175041.3,176099.1,175281.1,176964.1,179958.8,182473.3,184918.8,187220.2,188690.9,190223.3,190327.5,191242.8,191888.1,192446.5,193876.4,196884.1,198473.9,199610,201799.1,204034,205438.7,207228,210147.4,213818.6,215743.1,217605.4,219183,223030.6,242348.1,232629.8,230152.7,265461.3,244059.8,245116.7,248677.4,250425.5,254061.2,259341.1,263969.9,4777041,4784011,4791784,4798629,4803864,4809058,4816126,4823557,4829912,4835900,4843372,4850728,4855758,4861109,4867811,4874412,4879278,4884039,4890432,4896887,4901067,4905474,4911667,4918088,4922742,4927651,4934055,4940451,4944920,4949313,4956012,4962998,4967770,4973146,4980532,4988189,4993739,4999820,5007809,5015982,5021640,5027432,5034420,5039801,5041536,5046570,5053578,5059537,5063715,5070299,5078753,5087019,33279,33805,34318,34381,34866,34885,35095,35165,35571,35873,35507,36323,35900,36009,36176,35959,36269,36846,37312,37763,38200,38465,38729,38699,38849,38941,39004,39243,39815,40101,40276,40661,41072,41310,41608,42129,42817,43150,43453,43697,44414,48205,46208,45667,52655,48362,48504,49150,49455,50108,51064,51891,12280595,"250462","321913",7005433,"142875",6514889,"170776",3191006,"65.1",2933116,"76.9",2610036,"53.2",2415107,"63.3",5842795,"N/A",4797960,"N/A",402500,"23600","N/A",179854,2879887,"N/A",3571136,"N/A","783","924",839629,"95",724744,"85.3",2239479,"263519","1445050",3106075,"74.2",2552706,"61",6848860,"163579","293311",3181549,"69",2606183,"56.5",6986822,"151597","266458",368958,"7.5",368932,"8",367125,"8.8",359762,"9.4",198492,"23.4","N/A","N/A",FALSE,0.0827230973555048,"Pfizer",65.085147965734,2.03964354707368e-05,1,"AL","South East"
2000,"Alaska",8,34651.2,35225.2,35775.1,36156.5,36982.7,37735,38311.9,38897.4,38971.6,39289.6,39137.2,39665.6,38716.5,38734.6,39155.8,39305.2,40486.2,41091.7,41423,41839,42474.1,42605.6,42582.9,42557.8,41822.5,41716.9,41787.2,42023,42066.2,42154.6,42588.7,42916,43356.3,43622.7,44333.7,44611.9,44815.3,44996.5,45192.2,45223.1,44870.6,47990.1,45513.6,45485.9,49928.5,47521.7,47461.6,47965.2,48706.4,50292.7,51238,51994.1,708447,712137,715159,717367,719394,721429,723656,725864,727958,730036,732087,733980,735583,737175,738046,738079,737893,737688,737939,738454,738678,738948,739722,740855,741820,742829,743306,743070,742590,742098,741502,740552,739337,738208,737432,736815,735943,735152,734685,734341,733706,733103,733143,733537,733498,733882,734165,733985,733596,733543,733733,733988,48911,49464,50024,50402,51408,52306,52942,53588,53535,53819,53460,54042,52634,52545,53053,53253,54867,55703,56133,56658,57500,57657,57566,57444,56378,56160,56218,56553,56648,56805,57436,57951,58642,59093,60119,60547,60895,61207,61512,61583,61156,65462,62080,62009,68069,64754,64647,65349,66394,68561,69832,70838,2157135,"294874","391096",1323782,"180957",1173687,"212793",535225,"73.2",466957,"84.7",477231,"65.2",418353,"75.8",1078465,"N/A",718520,"N/A",86200,"6100","N/A",46348,469895,"N/A",706245,"N/A","324","1556",90819,"95",81914,"89.4",285969,"312234","2355260",504598,"82.9",452604,"74.3",1259819,"206909","354281",529901,"77.9",474380,"69.7",1314008,"193104","317009",101885,"13.9",101881,"15",98926,"16.2",94454,"17.1",38774,"42.3","N/A","N/A",FALSE,0.0971443785323929,"Pfizer",74.9538889989441,0.000140041831003679,2,"AK","Far West"
4000,"Arizona",6,212514.4,215895.3,218305.1,220779.8,225298.6,226595.5,228483.4,230422.8,234167.8,237047.1,235982.2,244039,240161.4,243169.5,244888.4,246790,252123.8,255360.9,258837.9,262766.6,267031.2,270117.2,271265.9,274847.8,277248.9,280824.1,284220.1,286047.5,293676.5,296835.4,301735.9,304748.8,310514.3,313703.1,319161.9,324205.9,333227.7,337943.9,342619.1,347248.5,352747.2,392470.3,382881.7,374306,420820.9,393788,396254.6,404093.8,405564.3,413621.6,420421.9,428475.6,6385037,6397030,6408761,6421117,6431089,6440990,6455153,6471500,6485869,6499850,6515819,6531451,6543719,6556187,6573534,6593859,6611516,6628960,6649211,6669947,6687343,6704905,6726353,6749513,6769982,6790611,6812589,6833864,6852067,6869958,6892332,6916451,6937264,6958569,6983754,7010428,7033922,7057823,7085308,7113998,7139187,7165174,7191828,7214058,7231118,7252792,7277739,7301350,7322144,7346081,7372850,7399147,33283,33749,34064,34383,35033,35180,35396,35606,36104,36470,36217,37364,36701,37090,37254,37427,38134,38522,38928,39396,39931,40287,40329,40721,40953,41355,41720,41857,42860,43208,43778,44061,44760,45082,45701,46246,47374,47882,48356,48812,49410,54775,53238,51886,58196,54295,54447,55345,55389,56305,57023,57909,19778350,"271729","350774",14593301,"200493",13024553,"230994",5692250,"78.2",4949001,"87.8",4817050,"66.2",4236632,"75.1",10181440,"N/A",6492920,"N/A",621000,"21300","N/A",387909,5187855,"N/A",7813410,"N/A","2319","58397",1347292,"95",1187302,"90.7",4438790,"339193","1511380",5383650,"86.7",4592534,"74",13971775,"225131","318694",5651280,"82.5",4801807,"70.1",14518143,"211977","288780",1115802,"15.3",1115723,"16.3",1088874,"17.5",1046558,"18.6",509074,"38.9","N/A","N/A",FALSE,0.0752735034476701,"Pfizer",54.6513733804212,9.60101425278602e-06,4,"AZ","South West"
5000,"Arkansas",5,91976.1,94257.5,95914.2,96156.4,99525.5,99724.8,101212,102494.7,106004.7,107754.5,106758.9,110991,107782.3,108226.1,108785.2,108677.5,111803.6,114221.9,115468.9,117478.9,117047.3,118150.5,119449.8,120230.4,120694.3,121543.1,122023.1,123043.2,124034,124636,125430.4,127043.3,128245.6,128938.5,130581.5,132367.7,132212,132309.9,133672.4,134451.1,136464.8,149339.1,141921.3,140428.6,161901.8,149669.8,150261,150910.5,154265.7,154570.8,159604.5,162458.7,2913213,2918758,2924191,2928992,2932774,2936608,2940454,2943354,2945538,2947626,2950196,2952301,2952939,2953843,2955852,2958069,2959187,2960363,2962904,2965891,2967399,2969174,2972048,2975089,2977028,2979199,2982330,2985497,2987421,2989381,2992065,2994243,2995063,2996301,2998575,3000848,3001867,3003222,3005983,3009129,3010772,3012627,3016382,3020270,3021935,3025716,3030711,3034976,3038136,3042832,3049076,3055537,31572,32294,32800,32829,33936,33959,34421,34822,35988,36556,36187,37595,36500,36639,36803,36739,37782,38584,38972,39610,39444,39792,40191,40412,40542,40797,40915,41214,41519,41693,41921,42429,42819,43033,43548,44110,44043,44056,44469,44681,45326,49571,47050,46495,53576,49466,49579,49724,50776,50798,52345,53169,8326200,"275903","359252",4863329,"161155",4425748,"190959",2113229,"70",1889810,"81.5",1718910,"57",1546669,"66.7",4013840,"N/A",3075220,"N/A",265400,"28700","N/A",126388,1928689,"N/A",2468276,"N/A","3716","4826",523884,"95",440643,"84.1",1500335,"286388","1589330",2030086,"79.4",1660515,"64.9",4707574,"184088","325592",2102288,"74.3",1714317,"60.6",4844010,"171206","294281",326768,"10.8",326671,"11.5",322259,"12.6",314166,"13.6",173181,"33.1","N/A","N/A",FALSE,0.0768769972397691,"Pfizer",65.2502451392262,3.08770346892013e-05,5,"AR","South West"
6000,"California",8,1582060.4,1607697.2,1613533.6,1652871.8,1700226.8,1706267.6,1725332.9,1729080.6,1786135.4,1808358.6,1808445.3,1905728.1,1817215.5,1848098.9,1867393.2,1896095.8,1923713.3,1960824.8,2003994.1,2034415.2,2084189.7,2117632.1,2138781.8,2161117.7,2188444.1,2202876.8,2229957.3,2252552.9,2275859.5,2303674.2,2330495.9,2363094,2380758.2,2415395.5,2449813.4,2481128.3,2524160.5,2555910.3,2573734.6,2615897.1,2645899.5,2819977.7,2873658.5,2822558.1,3087766.5,2960283,2993208.6,2983477.6,2963583.8,2980388.9,3024918.6,3104993.3,37210595,37287788,37369535,37458703,37535248,37609809,37695840,37781987,37857822,37930859,38018671,38108701,38180854,38251757,38339154,38433382,38514273,38593589,38685105,38776556,38851128,38925545,39003862,39074656,39132347,39190672,39254416,39313635,39357534,39398728,39444147,39480312,39500264,39521567,39543363,39553944,39549214,39545868,39552519,39556805,39545040,39517338,39462462,39377778,39269887,39182051,39133085,39104944,39065401,39038573,39016410,38987574,42516,43116,43178,44125,45297,45368,45770,45765,47180,47675,47567,50008,47595,48314,48707,49335,49948,50807,51803,52465,53646,54402,54835,55307,55924,56209,56808,57297,57825,58471,59083,59855,60272,61116,61953,62728,63823,64632,65071,66130,66909,71361,72820,71679,78629,75552,76488,76294,75862,76345,77529,79641,120071440,"303884","392165",88190622,"223198",78032141,"254861",33579892,"85",29070730,"94.9",29570525,"74.8",25670232,"83.8",63064040,"N/A",37596480,"N/A",3784800,"160500","N/A",2315723,29965275,"N/A",47823408,"N/A","10747","13017",6053334,"95",5438080,"93.1",20156036,"345249","2056680",31604056,"93.9",27944668,"83.1",83938302,"249473","356864",33238484,"89.5",29357875,"79.1",87488454,"235637","323394",8020775,"20.3",7998392,"21.5",7777404,"23.1",7455416,"24.4",2790542,"47.8","N/A","N/A",TRUE,0.0924658512898135,"Pfizer",57.5246136601969,1.71306726240206e-06,6,"CA","Far West"
8000,"Colorado",7,200491,203437.7,207282.3,212253.5,219877,222351.3,225470.3,226272,232093.1,234958.8,234350.9,245633.6,243637.9,247909.1,251338.8,255164.9,263910.9,269442.8,273541.6,278745.3,282504.1,284908.1,285414.5,286520.6,285325,287204.6,290981.8,295180.4,301421.6,306699.6,311647.6,317900.5,322480.8,328066.6,335048.1,341808.3,350468.3,354047.1,359640.9,361209.1,369034.4,387115.1,378157.7,377898.3,418484.1,402055,407431.6,415822.2,421764.7,427542.5,442982.7,440223.9,5020530,5038073,5056822,5075591,5092666,5109994,5128494,5146519,5163227,5179918,5199064,5218827,5236137,5253949,5274031,5294843,5313816,5332956,5356388,5382272,5405739,5429683,5453778,5476272,5496912,5518032,5538806,5557582,5574216,5591003,5610546,5630726,5648604,5667302,5685332,5700850,5714210,5728295,5743088,5756811,5768112,5778838,5788904,5796164,5799576,5806789,5815513,5822396,5827381,5835206,5844652,5853562,39934,40380,40991,41818,43175,43513,43964,43966,44951,45360,45076,47067,46530,47185,47656,48191,49665,50524,51068,51790,52260,52472,52333,52320,51906,52048,52535,53113,54074,54856,55547,56458,57090,57888,58932,59957,61333,61807,62622,62745,63978,66988,65325,65198,72158,69239,70059,71418,72376,73269,75793,75206,17656855,"306610","392443",12986889,"225516",11575346,"257275",4832322,"83.9",4215842,"93.7",4243671,"73.7",3726356,"82.8",9023755,"N/A",5402640,"N/A",501900,"38000","N/A",347166,4488289,"N/A",6828495,"N/A","2860","21155",901890,"95",817376,"95",3151435,"374097","2095990",4545025,"92.1",4020435,"81.5",12355338,"250308","357711",4771746,"87.9",4211381,"77.6",12856396,"236917","325380",1272816,"22.1",1270012,"23.4",1228550,"24.9",1173796,"26.1",460201,"54.6","N/A","N/A",TRUE,0.0910998687587458,"Pfizer",52.7216037112024,1.09102008746939e-05,8,"CO","Rockies"
9000,"Connecticut",1,216975.9,221647.4,223074.7,222535.8,224075.7,227847,228669.6,227036.1,228651.8,231156.5,228599.1,236277,224780.3,225597,226493,227833.1,231637.3,235224.4,238584.5,241580.1,240932.5,242413,243587.2,245725.7,247559.2,247816.1,247771.1,247963.1,248191.9,251930.2,253727.6,256435.5,259658.3,261438.4,265786.5,266547,271829.8,271609.4,271775.9,274622.6,275010.7,287353.1,284147.3,283433.1,306901.4,296932.7,297562.7,299897.1,305500.8,304710.3,309372.4,312921.9,3572541,3577166,3582654,3586742,3589527,3592384,3596059,3599328,3601616,3603845,3606635,3608720,3608966,3609530,3611322,3613145,3613614,3614134,3615093,3615236,3613638,3612276,3611984,3611484,3609689,3608091,3608264,3608985,3608237,3607467,3608676,3610294,3610265,3610672,3611386,3611017,3609089,3607526,3607644,3608121,3606763,3601363,3601208,3608210,3612567,3619364,3624208,3624849,3624088,3625132,3627756,3630386,60734,61962,62265,62044,62425,63425,63589,63077,63486,64142,63383,65474,62284,62500,62717,63057,64101,65085,65997,66823,66673,67108,67439,68040,68582,68683,68668,68707,68785,69836,70310,71029,71922,72407,73597,73815,75318,75290,75333,76112,76249,79790,78903,78552,84954,82040,82104,82734,84297,84055,85279,86195,11850535,"332387","417589",9015651,"252873",8060576,"284038",3665855,"95",3221421,"95",2964918,"83.2",2600786,"91.6",5881105,"N/A",3950760,"N/A",355800,"9400","N/A",252785,3075269,"N/A",4786185,"N/A","729","1342",821911,"95",653463,"95",2470972,"392066","1880310",3478180,"95",2814864,"90.6",8631923,"277916","381543",3636241,"95",2946827,"87.1",8955466,"264675","350237",896175,"25.1",895011,"26.5",876795,"28.2",845248,"29.8",376628,"59.8","N/A","N/A",TRUE,0.0853612322364087,"Pfizer",73.0699257546372,1.99325739164907e-05,9,"CT","North East"
10000,"Delaware",2,35775.8,36458.9,37320.5,37796,39467,39772.9,40182.8,40277.3,39794.7,40299.7,40098.2,41380.6,40525.3,41058.3,41205.8,41611.9,42202.7,42781.1,43327.8,43814.9,44586.8,45287.2,45273.3,45717.2,45637.7,46230.7,46708.8,47202,47823,48027.9,48805.7,49248.2,50043.5,50702,51663.6,52355.9,52630.3,53088.9,53446,53644.8,54314,57583.6,55978.1,55591.3,62529.9,58989.7,59123.3,59891.6,60655.2,61850,63122.6,64435.8,897035,898855,900956,903231,905199,907129,909329,911574,913601,915539,917889,920367,922404,924450,926922,929513,931776,933986,936542,939136,941277,943414,945792,948079,949994,951953,954248,956598,958523,960422,962871,965489,967626,969848,972519,975297,977599,979999,982926,986086,988695,990972,993877,997226,999823,1003045,1006651,1010048,1013053,1016512,1020547,1024703,39882,40561,41423,41845,43600,43845,44189,44184,43558,44017,43685,44961,43934,44414,44454,44767,45293,45805,46264,46654,47368,48004,47868,48221,48040,48564,48948,49344,49892,50007,50688,51009,51718,52278,53123,53682,53836,54172,54374,54402,54935,58108,56323,55746,62541,58811,58733,59296,59874,60845,61852,62882,3318735,"340815","430897",2165390,"222373",1961730,"254707",861065,"88.4",769625,"95",715327,"73.5",640769,"83.2",1649955,"N/A",1071000,"N/A",102600,"5000","N/A",63627,747499,"N/A",1140294,"N/A","191","2619",225033,"95",193497,"95",707081,"374303","1756820",822444,"95",685892,"81.7",2085188,"248294","395178",855418,"93.1",712719,"77.5",2153416,"234310","361107",204109,"21",204016,"22.2",200501,"23.9",194289,"25.2",100782,"53.4","N/A","N/A",TRUE,0.0748326781369583,"Pfizer",61.7586807333811,7.1723598954064e-05,10,"DE","Mid-Atlantic"
11000,"District of Columbia",2,37352,38084,38605.2,39256.4,40830.7,41176.9,41689,41883.4,42550.9,42954.6,42599.8,43937,43233.1,43619,43728.4,44208.8,45812.6,46483.2,47193.7,47631.5,49652.2,50278.7,50598.2,50820,52022.6,52522.2,52803.6,53389.4,53673.8,54149.1,54782,55254.4,55657.4,56223.1,57238.5,57711.1,57528.5,58069.7,58426,58788.7,59403,63211.7,63083.4,62003.9,65779.5,64387.1,64524.5,63887.6,64021.8,64443.5,65370.8,66093.1,600267,603284,606532,609906,613071,616174,619564,622979,626258,629469,632974,636504,639760,643029,646041,648598,650978,653334,656064,658982,661618,664266,666745,668873,670819,672796,674792,676688,678375,680038,681598,682884,683913,685027,685919,686465,686777,687165,687865,688710,689255,680161,670686,670261,669471,668984,669227,669939,670514,671333,672416,673576,62226,63128,63649,64365,66600,66827,67288,67231,67945,68239,67301,69029,67577,67834,67687,68161,70375,71148,71935,72280,75047,75691,75888,75979,77551,78066,78252,78898,79121,79627,80373,80913,81381,82074,83448,84070,83766,84506,84938,85361,86184,92936,94058,92507,98256,96246,96417,95363,95482,95993,97218,98123,2734025,"387393","473358",2123480,"300883",1916532,"331820",834705,"95",733639,"95",642335,"91",568548,"95",1423045,"N/A",796180,"N/A",73200,"3200","N/A",44239,683605,"N/A",1156784,"N/A","240","5703",115368,"95",95624,"95",396458,"453909","3130220",776205,"95",601064,"95",2010336,"329696","448382",818432,"95",633054,"95",2093366,"316994","414007",224338,"31.8",224030,"33.9",216219,"35.5",208543,"36.1",49522,"56.7","N/A","N/A",TRUE,0.0791813874362799,"Pfizer",64.3802454416573,7.71293396369463e-05,11,"DC","Mid-Atlantic"
12000,"Florida",5,712930.8,728077.9,739418.4,749402.9,761433.5,769584.8,774402.4,780217.1,788129.1,794829,794151.4,825097.5,792654.6,798704.7,805807.8,814735.8,834947.8,854350.9,869565.2,886785.5,904536.5,916335.4,924420.1,934047.5,935793.3,946159.6,960983.4,973342.5,1003000.7,1018611.8,1029879.9,1043929,1062465.7,1075804.3,1097956.9,1118951.7,1145333.8,1160230.5,1170050.8,1184757.2,1194473.5,1269976.5,1240979,1237744.6,1398454.8,1328406.9,1335803.1,1362609.6,1367963,1394909.6,1433233.9,1462687,18782001,18823440,18871235,18924508,18970014,19014730,19071412,19133342,19189228,19243256,19306106,19370441,19423936,19477890,19546907,19623915,19692544,19760052,19844084,19937316,20019663,20102153,20198446,20301168,20395050,20488871,20583834,20672859,20751967,20829859,20908874,20979710,21039337,21100443,21165421,21225834,21275614,21326528,21389701,21456774,21511894,21562168,21623609,21686475,21733050,21793856,21883537,21987888,22083433,22188688,22308118,22430844,37958,38679,39182,39600,40139,40473,40605,40778,41071,41304,41135,42596,40808,41006,41224,41517,42399,43236,43820,44479,45182,45584,45767,46010,45883,46179,46686,47083,48333,48902,49256,49759,50499,50985,51875,52717,53833,54403,54702,55216,55526,58898,57390,57074,64347,60953,61041,61971,61945,62866,64247,65209,61071625,"284349","354083",42150270,"196251",39075786,"226555",17783149,"82.8",16251977,"94.2",14954918,"69.6",13719121,"79.5",31967685,"N/A",20028020,"N/A",2478100,"61700","N/A",1510083,14688488,"N/A",23394041,"N/A","4177","188439",4941200,"95",4241575,"94.3",14505256,"322530","1357950",17260788,"92.3",14556457,"77.9",41140170,"220048","326656",17731480,"87.2",14930369,"73.4",42056026,"206786","300283",2458018,"11.4",2456866,"12.1",2431686,"13",2386166,"13.8",1368170,"30.4","N/A","N/A",TRUE,0.0822512930640125,"Pfizer",53.8822796674887,3.0299627848526e-06,12,"FL","South East"
13000,"Georgia",5,332196.7,335977.5,340259.9,344668,357549.6,359326.3,363666.7,364459.7,367238.4,369428.7,368727.4,380432.6,372655.3,376518,377984.3,381651.3,392278.1,399723.3,406331.1,412831.2,420780.9,425630.3,430118.4,433220.1,439144.5,440652.4,445079.2,451218.6,461817.3,466059,470405.7,478572,483949,489595.9,498171.3,502313.2,515378.3,520962,524525,528706.7,532303.9,582079.7,563285.9,552735.4,629805.4,590367.4,590304.5,599379,605706.3,619988.2,629414.9,638678.7,9678771,9700537,9725481,9750167,9772077,9793726,9819220,9845778,9870410,9894281,9917901,9938298,9954477,9971035,9993650,10019768,10042792,10065546,10093629,10124144,10150518,10177221,10208549,10241670,10271617,10302041,10333349,10362782,10388677,10414326,10442894,10470708,10494391,10519160,10547704,10576978,10602285,10628640,10656139,10681403,10701854,10719951,10738484,10754601,10763742,10779018,10804804,10835707,10863446,10895589,10930476,10964666,34322,34635,34986,35350,36589,36689,37036,37017,37206,37338,37178,38279,37436,37761,37822,38090,39061,39712,40256,40777,41454,41822,42133,42300,42753,42773,43072,43542,44454,44752,45046,45706,46115,46543,47230,47491,48610,49015,49223,49498,49739,54299,52455,51395,58512,54770,54634,55315,55756,56903,57583,58249,28537115,"268776","351722",17080681,"160874",15504264,"191091",7280410,"68.6",6502189,"80.1",6097769,"57.4",5490526,"67.7",14756995,"N/A",9773940,"N/A",869100,"39900","N/A",349096,6167803,"N/A",9406032,"N/A","2375","56839",1493150,"95",1315143,"86.7",4390936,"289457","1881210",6992895,"77.8",5890001,"65.5",16505989,"183643","317499",7241971,"72.7",6080232,"61",17003167,"170700","286493",1105117,"10.4",1103844,"11.1",1081566,"12",1045881,"12.9",465410,"30.7","N/A","N/A",FALSE,0.0877256500664111,"Pfizer",57.4997099480537,7.89786700859618e-06,13,"GA","South East"
15000,"Hawaii",8,55706.8,56352.8,57217.5,57727.3,58786.9,58986.1,59319.9,60059.5,60817.6,61537.3,61333.5,62539.8,61799.5,62200,62699.2,63386.3,64590.2,65691.5,66591.6,67273.4,68137.9,68846.9,69365.8,70085.6,70737.9,71280,71845.4,72423.3,73879.8,74355.2,74904.1,75032.1,75215.9,75813.8,76403.6,77239.9,78519.2,79272.8,80143,80863.9,80257.5,87501.8,82719.6,81959.3,91698,86615.2,87167.1,85950.3,85840.2,86772.5,88643.7,91158.1,1358217,1362657,1367695,1372894,1377749,1382477,1387627,1392865,1397756,1402555,1407604,1412605,1416938,1420983,1424629,1427712,1430340,1432818,1435999,1439421,1442263,1444989,1447944,1450726,1453183,1455649,1457362,1458057,1458222,1458178,1458785,1459568,1459800,1459949,1459988,1459519,1458502,1457404,1456969,1456718,1455837,1453077,1450786,1450047,1448486,1447467,1446461,1444850,1442755,1440942,1439873,1439137,41015,41355,41835,42048,42669,42667,42749,43119,43511,43875,43573,44273,43615,43773,44011,44397,45157,45848,46373,46736,47244,47645,47906,48311,48678,48968,49298,49671,50664,50992,51347,51407,51525,51929,52332,52921,53836,54393,55007,55511,55128,60218,57017,56522,63306,59839,60262,59487,59497,60219,61564,63342,4617770,"326143","413777",3511914,"248039",3136324,"281032",1296682,"91.6",1129257,"95",1155949,"81.6",1009831,"90.5",2368440,"N/A",1504020,"N/A",124900,"4500","N/A",71625,1170463,"N/A",1952958,"N/A","363","1281",281088,"95",257815,"95",988922,"368385","1720170",1220227,"95",1092223,"90.2",3349439,"276560","381284",1284645,"95",1149443,"86.4",3488669,"262177","347030",316863,"22.4",316580,"23.8",309164,"25.5",298449,"26.7",140010,"52.2","N/A","N/A",TRUE,0.0703010452832692,"Pfizer",66.7166165157018,5.14517950551499e-05,15,"HI","Far West"
16000,"Idaho",7,49267.5,50021.7,50865,51576,52672.1,53021.8,53560.1,53840.9,54946.1,55683.9,55914.4,58163.8,57248.3,58319.5,58845.7,59201.4,60010.8,61416,62253.6,63525.1,64984.2,65103.4,65820.7,65994.3,66885.7,67727.3,68491.6,68932.8,70227.7,71593.1,72330.7,73402.2,74848.7,75737.9,76730.6,78423.4,81026.5,82424.6,83800.5,84874.5,87543,94300.7,91411.3,92538.7,104752.6,96288.7,97063.3,100093.7,102388.3,103937.1,106931.9,109736.5,1565685,1569443,1573408,1577433,1580922,1584553,1588389,1591965,1595105,1598296,1602566,1607415,1611447,1615702,1620980,1626832,1632063,1637383,1643277,1649195,1654306,1659581,1666854,1675531,1683577,1691781,1701075,1710916,1720014,1729194,1738607,1747557,1755745,1764211,1773808,1783951,1793374,1803013,1813497,1824228,1834168,1844003,1856351,1870354,1882938,1896960,1908887,1917478,1925336,1934276,1944123,1954102,31467,31872,32328,32696,33317,33462,33720,33820,34447,34840,34891,36185,35526,36095,36303,36391,36770,37509,37884,38519,39282,39229,39488,39387,39728,40033,40264,40290,40830,41403,41603,42003,42631,42930,43258,43961,45181,45715,46209,46526,47729,51139,49242,49477,55633,50760,50848,52201,53179,53734,55003,56157,4717760,"263995","352370",2884326,"161400",2636183,"196897",1144958,"64.1",1027224,"76.7",1011308,"56.6",908903,"67.9",2344390,"N/A",1604380,"N/A",160200,"16500","N/A",90757,993515,"N/A",1549171,"N/A","557","5805",287403,"95",263089,"90.5",915571,"314986","1623060",1099808,"73.5",974224,"65.1",2792031,"186707","315483",1138442,"68.1",1007988,"60.3",2871127,"171835","282354",244368,"13.7",244251,"14.6",239776,"16",232146,"17.3",120231,"41.4","N/A","N/A",FALSE,0.0958432536389981,"Pfizer",50.0709426672074,4.3731685063738e-05,16,"ID","Rockies"
17000,"Illinois",3,531517.6,540240.9,547732.5,552846.1,566440.6,568297.2,571745.8,572618.6,586856.4,593256.9,590479.6,609701.3,602941.2,608912.5,611306.8,615953.8,626125.4,634994.1,642134.8,651305.6,659092.3,664853,670776.5,673052.9,670483.9,671377.4,672998.2,679904.4,682158.9,689261.7,696361.6,703801.2,717365.1,725713.7,732189.9,739399.3,746114.7,746918.2,753394.5,757315.1,763863.6,817109.9,802265.9,794598.6,885263.3,838093.8,841401.2,843570,852586.8,858723.5,869700.1,882682.8,12827357,12838332,12853532,12867430,12876946,12886598,12898799,12909366,12916724,12923613,12934847,12945928,12950736,12956447,12963752,12968587,12968823,12969125,12972203,12973667,12969096,12965334,12964384,12961883,12954818,12948532,12945952,12943039,12934957,12926815,12922056,12915528,12903272,12892583,12885785,12878415,12865752,12854416,12846125,12836448,12820707,12798506,12775911,12752499,12720374,12696502,12674971,12648456,12617700,12592788,12573863,12555747,41436,42080,42613,42965,43989,44100,44326,44357,45434,45905,45650,47096,46557,46997,47155,47496,48279,48962,49501,50202,50820,51279,51740,51926,51756,51850,51985,52531,52738,53320,53889,54493,55596,56289,56822,57414,57992,58106,58648,58997,59580,63844,62795,62309,69594,66010,66383,66694,67571,68192,69167,70301,38027815,"300097","385915",26759923,"211177",23740208,"240921",10022829,"79.1",8686047,"88.1",9045474,"71.4",7868468,"79.9",19840315,"N/A",11168640,"N/A",1185600,"30500","N/A",688961,8553655,"N/A",14929558,"N/A","2601","38653",2007869,"95",1863682,"91.2",6906382,"338013","1861160",9407288,"86.8",8527317,"78.7",25423396,"234581","350881",9916309,"83.2",8980613,"75.3",26541406,"222572","318895",2546159,"20.1",2538953,"21.3",2469442,"22.8",2375144,"24.1",1008943,"49.4","N/A","N/A",FALSE,0.088067231317625,"Pfizer",66.4855370468304,6.63341029232669e-06,17,"IL","Great Lakes"
18000,"Indiana",3,226416.8,230911.1,233323.6,236177.3,241694.9,244521.2,249027.1,250732.8,253645.1,257312,257944.8,263643.9,261592.5,261639.5,261788.6,261788.6,266255.6,271092.3,274213.8,277418.1,279180.7,282298.8,283665.4,286140.5,286977.8,289386.5,291754.9,294298.3,296161.3,299509.2,302244.6,305943.4,311724,313661.1,316804.1,320772.5,326492.1,328115.4,330812.5,333080.2,340972.7,364864.3,355555.5,355958.4,403721.6,375233.3,377587,381538.2,389244.2,391781.6,395955.9,406373,6480780,6487614,6496085,6504466,6510677,6517282,6525079,6532095,6537556,6543003,6551826,6561858,6568709,6576380,6585357,6593706,6599754,6606103,6613372,6619396,6622351,6626019,6633112,6641496,6647582,6654281,6662724,6670797,6676301,6682065,6691783,6702845,6710996,6720322,6731121,6741135,6748522,6756843,6766779,6776176,6782502,6786638,6792812,6799816,6801915,6808941,6816801,6821323,6823399,6829160,6838083,6847255,34937,35593,35918,36310,37123,37519,38165,38385,38798,39326,39370,40178,39824,39785,39753,39703,40343,41037,41464,41910,42157,42605,42765,43084,43170,43489,43789,44117,44360,44823,45167,45644,46450,46674,47066,47584,48380,48560,48888,49155,50272,53762,52343,52348,59354,55109,55391,55933,57045,57369,57905,59348,18818270,"279526","364395",11170393,"165924",10168656,"196905",4346025,"64.6",3876230,"75.1",3893597,"57.8",3509447,"68",10039100,"N/A",5570200,"N/A",633800,"11300","N/A",318135,3751752,"N/A",6318048,"N/A","646","41811",1046074,"95",975559,"89.9",3423093,"315277","1733220",4149542,"72.7",3749818,"65.7",10777277,"188908","329853",4317583,"68.4",3883737,"61.5",11120827,"176133","298046",736005,"10.9",735984,"11.7",721804,"12.7",699075,"13.5",355444,"32.7","N/A","N/A",FALSE,0.0935045242491702,"Pfizer",62.4168190307919,1.43618177600893e-05,18,"IN","Great Lakes"
19000,"Iowa",4,114446.9,116476.5,117713.6,118987,124198.4,124746.4,126922.3,128045.7,130368,132374.6,131265.1,134628,134087.6,134803.6,135381.5,134758.6,136201.9,139589.8,140519.9,141813.6,143255.7,143797.6,145352.1,145945.2,145273.4,145230.1,146329.2,146327.4,148599.5,149105.5,149017.1,150959.1,153078.4,154631,156073.1,159882.9,159087.9,158364.1,161713.2,162277.5,162553.5,177853.6,169022.4,170547.4,190745.7,181020.5,179515.6,178816.3,183812.9,186999,190795.9,192494.9,3044940,3049121,3054309,3059407,3063332,3067507,3071913,3075476,3078155,3080910,3085674,3091285,3095197,3099600,3105037,3110464,3114657,3119082,3124034,3128353,3131063,3134173,3138212,3142022,3144635,3147576,3151573,3155485,3158017,3160766,3164197,3166977,3168229,3170102,3173456,3177084,3179368,3182094,3185480,3188433,3189794,3190206,3191965,3194123,3193794,3196007,3198514,3199060,3198287,3199402,3202105,3204766,37586,38200,38540,38892,40544,40667,41317,41634,42353,42966,42540,43551,43321,43491,43601,43324,43729,44753,44980,45332,45753,45881,46317,46449,46197,46140,46431,46372,47055,47174,47095,47667,48317,48778,49181,50324,50038,49767,50766,50896,50960,55750,52952,53394,59724,56640,56125,55897,57472,58448,59585,60065,9353325,"296454","385191",6115596,"193834",5549500,"228541",2233800,"70.8",1984326,"81.7",2035013,"64.5",1817363,"74.8",4577535,"N/A",3077920,"N/A",293100,"22000","N/A",181018,2170587,"N/A",3131324,"N/A","747","2683",564174,"95",532565,"95",2002752,"362191","1691520",2125691,"79.4",1944884,"72.7",5877354,"219609","349490",2214216,"74.8",2023690,"68.4",6073216,"205215","316051",624927,"19.8",624293,"21.1",611641,"22.9",591341,"24.4",304756,"55.1","N/A","N/A",FALSE,0.0861737398155609,"Pfizer",67.725430647773,3.03184844873189e-05,19,"IA","Plains"
20000,"Kansas",4,110814.3,113305.4,115447,117392.6,120564.5,123122.3,125051.5,125496.9,130598,130849,128792.9,133552.6,131477.6,134218.1,134547.8,135676.1,133848.8,136288.8,138148.3,139229,138261.5,138430.6,138497,138157.9,136942.1,138089.6,139189.3,139914.5,141141.3,141747.4,142473.9,144323.8,145781.6,147615,149342.9,151353.2,153652.7,154064.5,155954.2,156832.2,158710.8,170037.4,163976.2,164610,179195.3,170515.6,170744.7,171217.7,173270.7,173919.4,178587.6,180924.9,2850084,2855935,2861026,2864889,2867697,2870672,2875179,2880225,2884454,2888722,2893026,2896306,2898093,2900200,2903246,2906262,2908175,2910216,2913491,2916894,2918895,2921184,2923664,2925225,2925733,2926509,2927711,2928331,2927731,2927235,2928371,2929930,2930147,2930864,2932278,2933303,2933120,2933323,2934946,2936986,2937615,2937648,2938365,2938748,2936954,2937271,2938237,2937961,2936539,2936649,2938203,2939878,38881,39674,40352,40976,42042,42890,43493,43572,45277,45297,44518,46111,45367,46279,46344,46684,46025,46831,47417,47732,47368,47389,47371,47230,46806,47186,47542,47780,48208,48424,48653,49258,49752,50366,50931,51598,52385,52522,53137,53399,54027,57882,55805,56014,61014,58052,58111,58278,59005,59224,60781,61542,8288785,"284514","374539",5373642,"184451",4802423,"217003",2227186,"76.4",1957680,"88.5",1907940,"65.5",1687427,"76.2",4161315,"N/A",2756940,"N/A",262700,"21900","N/A",139526,1863037,"N/A",2902445,"N/A","775","10494",513160,"95",462357,"95",1585006,"333344","1743220",2111134,"86.1",1819121,"74.2",5135157,"209453","338084",2206950,"80.9",1896960,"69.5",5330607,"195405","303843",455471,"15.6",455044,"16.7",444374,"18.1",427768,"19.3",210504,"44.3","N/A","N/A",FALSE,0.0812347509368324,"Pfizer",72.1835413478189,3.24101989451348e-05,20,"KS","Plains"
21000,"Kentucky",5,142273.7,144895.3,146675,147360.8,149905.4,151186.1,153005.9,154777.6,156182.9,157636.8,156937.5,159785.6,158768.9,158918.4,159450.8,159761,163272.5,165988.5,167673.8,169933.5,171931.3,173926.2,175000.7,176466.6,175131.5,176348,178443.1,178839.9,180395,181569.9,182879.2,184722.1,185730.5,187734.5,188893.1,191035.3,194922.4,196447.3,198026.9,200027.6,202627.5,227203.3,213803.5,212575.6,243531.7,224870.6,227474.1,228842.6,230912.1,233861.8,236094.1,239660,4336185,4344180,4352904,4359731,4365143,4370886,4377140,4382581,4386970,4391433,4397526,4403844,4408049,4412834,4417872,4421881,4424296,4426968,4431334,4435965,4438526,4441583,4445883,4449976,4452556,4455585,4460465,4465794,4469361,4473175,4477724,4481307,4482961,4485467,4489163,4492559,4494223,4496512,4500126,4503676,4505176,4506276,4507881,4508175,4505154,4505590,4507817,4508961,4508491,4510575,4514392,4518051,32811,33354,33696,33800,34341,34589,34956,35317,35602,35896,35688,36283,36018,36013,36092,36130,36904,37495,37838,38308,38736,39159,39362,39656,39333,39579,40005,40047,40363,40591,40842,41221,41430,41854,42078,42523,43372,43689,44005,44414,44977,50419,47429,47153,54056,49909,50462,50753,51217,51847,52298,53045,12115175,"271174","349664",7494480,"167749",6874433,"198408",3083210,"69",2784208,"80.4",2667632,"59.7",2419724,"69.8",5902195,"N/A",4309900,"N/A",395600,"13200","N/A",241645,2835114,"N/A",3858370,"N/A","454","2788",750418,"95",671496,"89.5",2260745,"301206","1614140",2965435,"77.9",2576306,"67.7",7258261,"190697","318304",3067025,"73.1",2659645,"63.4",7461265,"177858","288796",553122,"12.4",552740,"13.2",544846,"14.3",530949,"15.3",271713,"36.2","N/A","N/A",FALSE,0.0777306767946394,"Pfizer",65.1685304180923,2.11365850584593e-05,21,"KY","South East"
22000,"Louisiana",5,169651.6,172705.4,176077.5,176768.8,177540.5,178132.9,179552.2,181068.2,185299.2,188782.5,187982.7,192978.7,190285.7,191316.2,191779.8,192607.4,196440.1,199669.9,201776.3,203289.4,200883.5,200698.2,201534.8,202337.4,198238.6,199360.2,200412,202751.7,204252.2,204946.9,207029,208257.9,211695.3,214421.4,216181,218048.1,221068.6,221520.3,222584.5,224223,225139.2,250935.3,240127.2,229095.2,261941.1,246124.7,248409,246328.1,245256.9,249363.1,252306.3,255984.7,4527109,4539106,4549504,4558301,4565697,4572991,4580903,4588120,4594415,4600291,4607521,4614673,4619739,4625002,4631327,4637383,4641882,4646258,4652385,4658855,4663265,4667832,4673061,4677535,4680446,4683578,4685389,4684541,4681954,4679295,4678215,4676935,4673644,4670919,4670013,4669405,4666965,4665000,4664220,4663042,4659601,4654308,4649231,4643771,4635127,4629341,4623047,4613712,4602918,4594096,4587974,4582797,37475,38048,38703,38780,38886,38953,39196,39465,40331,41037,40799,41819,41190,41366,41409,41534,42319,42974,43371,43635,43078,42996,43127,43257,42355,42566,42774,43281,43625,43799,44254,44529,45296,45906,46291,46697,47369,47486,47722,48085,48317,53915,51649,49334,56512,53166,53733,53390,53283,54279,54993,55858,10234460,"220153","287391",6948944,"149478",6432508,"180629",2922463,"62.9",2654795,"74.5",2560321,"55.1",2349211,"66",5164010,"N/A",3807980,"N/A",330500,"9600","N/A",202155,2685374,"N/A",3703972,"N/A","701","3943",687135,"92.7",647177,"87.3",2084682,"281325","1381130",2832440,"72.2",2496413,"63.6",6784719,"172933","260862",2914364,"67",2556761,"58.8",6933085,"159479","235420",350902,"7.5",350900,"8.1",347792,"8.9",341820,"9.6",180753,"24.4","N/A","N/A",FALSE,0.0875921098060095,"Pfizer",72.3868262439122,2.47691164076028e-05,22,"LA","South East"
23000,"Maine",1,49996.1,50519.1,51000.1,50899.3,52339.4,52490.6,52926.3,53399.9,53407,53948.3,53523.8,54250.8,53378.2,53582.1,53781.6,54226.1,54579,55527.4,56165.7,57182.2,57249.1,58124.2,58662.6,59289.3,59344.5,59861,60013.2,60618.3,61508.9,61945.9,62753.1,63280.6,64033.9,64673,65402.5,65951,67831.6,68527.4,69164.1,69928.8,71076.7,78990.6,74324.4,74831.9,84006.3,78628.3,78766.1,79617,80397.5,81718.8,83616.6,83775,1328730,1328146,1328421,1329154,1329358,1329715,1330288,1330687,1330698,1330759,1331361,1332079,1332076,1332297,1333240,1334501,1335225,1336020,1336682,1336779,1336154,1335717,1336403,1337773,1338577,1339545,1340980,1342434,1343255,1344176,1345780,1347453,1348444,1349723,1351613,1353604,1354965,1356549,1358556,1360545,1361800,1362838,1365481,1369080,1371535,1375150,1378435,1380386,1381711,1383964,1386913,1389886,37627,38037,38392,38295,39372,39475,39786,40130,40135,40540,40202,40726,40071,40218,40339,40634,40876,41562,42019,42776,42846,43515,43896,44319,44334,44688,44753,45156,45791,46085,46630,46963,47487,47916,48389,48723,50061,50516,50910,51398,52193,57960,54431,54659,61250,57178,57142,57677,58187,59047,60290,60275,4933440,"367014","450390",3526641,"262358",3207392,"292814",1314037,"95",1179298,"95",1122939,"83.5",1005435,"91.8",2357930,"N/A",1595120,"N/A",159400,"7000","N/A",145385,1271651,"N/A",1682267,"N/A","407","5791",366167,"95",303374,"95",1194110,"418597","1729420",1250717,"95",1069767,"90.3",3383369,"285532","416347",1301392,"95",1115287,"87.1",3498317,"273162","385222",412767,"30.7",412319,"32.2",402864,"34",389628,"35.6",198780,"69.7","N/A","N/A",TRUE,0.0637539125610618,"Pfizer",63.7505222321695,4.85150130720592e-05,23,"ME","North East"
24000,"Maryland",2,281099,286339.9,289291.4,293879.4,298879.8,302306.6,305974,306910.7,310181.5,310706.6,311223,316591.9,310255.1,311095.4,311284.3,313461.3,316118,320928.3,325097.1,327609.3,334030.7,336428.3,338842,341510.1,345566.9,348711.9,351677.3,355581.4,356853.7,359831.6,362655.8,367083.8,366667.9,370029.6,374176.4,376607.2,379863.5,383464.8,384849.5,388119.3,390418.6,417426.8,410611.8,403361.3,449172.9,422173.3,424141.1,426230,428667.1,431137.7,439393.6,444913.2,5767316,5782594,5800290,5816977,5831812,5846399,5862467,5878162,5892593,5906493,5921132,5934580,5945316,5956157,5968884,5981751,5992599,6003193,6015169,6026627,6035408,6044285,6053944,6062511,6069035,6075726,6084748,6094313,6101561,6108530,6117045,6124746,6129804,6135358,6142813,6150171,6154994,6160291,6167011,6173013,6175972,6174685,6174315,6175626,6172763,6173439,6174132,6171609,6167083,6164985,6165750,6167143,48740,49518,49875,50521,51250,51708,52192,52212,52639,52604,52561,53347,52185,52231,52151,52403,52751,53460,54046,54360,55345,55661,55970,56331,56939,57394,57797,58346,58486,58906,59286,59935,59817,60311,60913,61235,61716,62248,62405,62874,63216,67603,66503,65315,72767,68385,68696,69063,69509,69933,71264,72143,22187480,"366997","470972",14669253,"242640",12909734,"274034",5560116,"92",4790594,"95",4830616,"79.9",4171606,"88.6",11823770,"N/A",6431280,"N/A",616500,"36200","N/A",371052,4780143,"N/A",8024190,"N/A","3295","25876",1056471,"95",953457,"95",3608609,"376133","2312650",5205626,"95",4537510,"87.9",13891806,"269071","429749",5495212,"95",4790270,"84.3",14527812,"255603","390367",1450670,"24",1446046,"25.4",1402545,"27.2",1340236,"28.4",529222,"55.2","N/A","N/A",TRUE,0.0800186902575414,"Pfizer",69.7173066566692,1.25388223297264e-05,24,"MD","Mid-Atlantic"
25000,"Massachusetts",1,339231.9,346098.5,351177.6,353460.6,357288.3,365530.6,364418.9,366347.6,372614.1,377892.9,376310.8,390253.5,378068.4,381841.1,383785.4,386749.4,391462.7,396910.8,405208.4,413748.1,420820.4,426861,429840.8,435393.5,436682.8,441680.9,448402.9,449969.9,455292.9,461225.9,467443,471961.8,480154.4,484067,489764.4,495760.3,509852.9,512416.9,513751.4,518820.5,526339.8,570225.2,551944.3,553328.8,598838.6,579793.2,579730.8,578801.7,582775.7,586494.8,590814.2,612246.5,6543626,6558560,6578175,6594223,6607927,6622064,6638482,6654992,6669778,6684657,6701982,6719332,6733349,6748185,6765160,6782047,6796557,6811423,6826506,6839386,6849049,6859391,6871602,6883317,6892665,6902726,6915739,6929464,6940474,6951726,6963817,6973872,6980933,6989120,6997847,7004624,7008586,7013399,7020038,7026067,7028783,7012239,6996016,6995359,6989649,6988905,6989614,6987382,6982568,6981430,6983195,6984733,51842,52770,53385,53602,54070,55199,54895,55049,55866,56531,56149,58079,56149,56584,56730,57025,57597,58271,59358,60495,61442,62230,62553,63253,63355,63986,64838,64936,65600,66347,67125,67676,68781,69260,69988,70776,72747,73063,73184,73842,74883,81319,78894,79099,85675,82959,82942,82835,83462,84008,84605,87655,23557420,"341783","425247",18116478,"262843",16070859,"290103",7385490,"95",6458197,"95",5820448,"84.4",5084048,"91.8",11660360,"N/A",7505380,"N/A",634000,"14400","N/A",409218,6252342,"N/A",9307476,"N/A","1343","463",1547397,"95",1227559,"95",4543995,"388598","2014610",6941146,"95",5477383,"91",17170360,"285376","391531",7299287,"95",5766996,"88.2",17940062,"274517","360473",2116894,"30.7",2108814,"32.3",2038716,"33.9",1941629,"35",753580,"64.4","N/A","N/A",TRUE,0.0828985619099071,"Pfizer",60.8601437492905,8.24050181494938e-06,25,"MA","North East"
26000,"Michigan",3,343221.4,352469.7,357554.1,360019.9,369578.5,370980.8,375059.7,379826.1,384536.1,386851.3,387053.9,399735.3,389620.6,393010.7,394933.5,396742.2,401806.1,408879.7,413954.5,419439,427217.9,431767,435755.1,440014.4,442050.1,444893.6,446667.9,450509.3,454423.8,457379.2,460270,465678.8,473046.9,475839.3,480085.3,482730.2,490595.7,494309.7,496541.1,499627.9,504832.5,574668.8,543287.7,527184.9,600565.1,561790.7,555641,553231.6,560253.7,566776.8,573698.1,579531.9,9888279,9881963,9883587,9888996,9891002,9893313,9899853,9907456,9912606,9917520,9926039,9934850,9938711,9943546,9951945,9960753,9965860,9971155,9978162,9983523,9984080,9985408,9992248,10001242,10006664,10012813,10022616,10032826,10038957,10045261,10053972,10060989,10063443,10067428,10073061,10076730,10076134,10076774,10079884,10081997,10079094,10072557,10067052,10060328,10046169,10039264,10038398,10037145,10032219,10032510,10035513,10037140,34710,35668,36177,36406,37365,37498,37885,38337,38793,39007,38994,40236,39202,39524,39684,39831,40318,41006,41486,42013,42790,43240,43609,43996,44176,44432,44566,44904,45266,45532,45780,46286,47006,47265,47660,47905,48689,49054,49261,49556,50087,57053,53967,52402,59781,55959,55352,55118,55845,56494,57167,57739,29340990,"293796","374108",18701905,"187265",17039174,"217255",6972048,"69.8",6242099,"79.6",6248481,"62.6",5611666,"71.6",14424540,"N/A",9923920,"N/A",967800,"30700","N/A",473241,6664018,"N/A",9819065,"N/A","1829","5560",1755125,"95",1614071,"91.4",5801520,"328623","1662000",6649208,"77.4",5980185,"69.6",17996888,"209388","341373",6915065,"73.4",6216502,"66",18579412,"197225","311462",1766055,"17.7",1763843,"18.7",1726025,"20.1",1672466,"21.3",814512,"46.1","N/A","N/A",FALSE,0.0831221902086733,"Pfizer",66.3528789355685,9.51698538730205e-06,26,"MI","Great Lakes"
27000,"Minnesota",4,219900.9,224693.2,228791.5,234442.6,239223.2,242203.8,244038.6,244907.3,252473.4,255876.9,255950.5,264356.1,256546.9,258650.7,261442.8,262486.7,266226.1,271663.1,276456.2,279606.5,284170.3,285009.9,287195.5,289316,289067.6,289934.7,293877.3,296060,301276.9,302859.7,303835.5,308746.1,312730.4,317276.4,321213,326590.7,328443.9,330635,335063.6,337521.3,341251.1,370686.7,354950.7,353956.2,391791.5,375200,372499.6,373647.5,378097.6,384501.3,393572.7,399141.3,5300857,5307953,5318002,5328809,5337772,5347221,5357629,5367133,5375286,5383634,5394585,5406222,5415132,5424801,5436356,5448034,5457719,5467795,5478936,5489144,5496706,5504949,5516232,5528594,5538990,5550038,5563173,5576492,5587528,5598872,5611779,5623914,5633506,5644139,5655489,5665523,5673209,5681787,5690986,5698883,5704045,5707692,5710855,5711863,5708641,5709829,5712902,5713991,5712901,5715136,5719458,5723286,41484,42331,43022,43995,44817,45295,45550,45631,46969,47529,47446,48898,47376,47679,48092,48180,48780,49684,50458,50938,51698,51773,52064,52331,52188,52240,52825,53091,53920,54093,54142,54899,55513,56213,56797,57645,57894,58192,58876,59226,59826,64945,62154,61969,68631,65711,65203,65392,66183,67278,68813,69740,18341950,"325233","422969",12781003,"226628",11308534,"260777",4456951,"79",3837072,"88.5",4078309,"72.3",3531114,"81.4",9458380,"N/A",5378220,"N/A",511500,"18700","N/A",361615,4064199,"N/A",6841762,"N/A","1213","8324",974865,"95",918865,"95",3620959,"393419","1992860",4140104,"86.6",3816534,"79.9",12073082,"252676","383876",4386990,"83",4036815,"76.3",12632397,"238888","346859",1491713,"26.5",1488947,"28.2",1441085,"30.2",1378758,"31.8",593933,"64.5","N/A","N/A",FALSE,0.0895547875666571,"Pfizer",63.25414082682,1.41922450632327e-05,27,"MN","Great Lakes"
28000,"Mississippi",5,90728,92911.5,93859.5,94233.9,96406.8,96232.9,97201.6,97830.7,99699.7,100586.5,99791.2,101431.4,101395.8,101780.1,103602.4,102491.2,102973.4,104330.6,104513.1,105204.8,105114.5,106011.9,106528.6,106601,107150.7,107174.5,107414.8,108257.8,109543.4,109562.1,110316.4,110950.2,111308.6,112360.3,112930.3,114356.7,116004.3,116358.2,117679.1,118409.7,119934.5,135232.6,126399.5,123660.8,145117.9,131943.8,131978,132349.8,133424.1,134487,137296.2,138681.8,2966944,2969231,2971739,2974137,2975601,2976960,2978793,2980301,2981226,2981840,2983419,2985129,2985484,2985968,2987040,2987893,2987794,2987541,2987836,2987831,2986539,2985310,2985275,2985583,2984906,2984314,2984604,2984952,2984230,2983407,2982754,2981105,2978198,2975601,2974321,2973425,2971345,2969562,2968238,2966367,2963054,2959452,2957494,2955851,2952118,2950169,2948769,2946330,2942918,2940785,2940143,2939905,30580,31291,31584,31684,32399,32326,32631,32826,33443,33733,33449,33979,33963,34086,34684,34302,34465,34922,34980,35211,35196,35511,35685,35705,35898,35913,35990,36268,36707,36724,36985,37218,37374,37761,37968,38460,39041,39184,39646,39917,40477,45695,42739,41836,49157,44724,44757,44920,45337,45732,46697,47172,7215495,"242444","316807",4298988,"144448",3971755,"174386",1837411,"61.7",1669036,"73.3",1599255,"53.7",1461963,"64.2",3692575,"N/A",2606680,"N/A",235400,"8100","N/A",95754,1647842,"N/A",2352593,"N/A","309","4715",456814,"93.9",419659,"86.2",1332926,"273874","1482560",1785186,"70.8",1559086,"61.8",4200024,"166573","286167",1833436,"65.7",1597911,"57.2",4292157,"153694","258373",196006,"6.6",196006,"7",194519,"7.7",191001,"8.4",108566,"22.3","N/A","N/A",FALSE,0.0754767441797181,"Pfizer",71.8909763213342,3.91262359490251e-05,28,"MS","South East"
29000,"Missouri",4,219481.3,222197.9,223886.5,224690.1,229001.7,230154.9,232849.6,234579.1,239408.2,242348.7,241283.1,248885.5,243821.6,244912.2,245632.9,246433.1,248717.6,252947,256406.2,259199,260605.1,262310.8,264408.4,265761.4,268639.3,269508.6,270978.1,273288.2,272878.3,275205.6,277449.1,280762.7,283174.2,287945.3,289674.4,293465.5,297792.2,299192.5,302577.9,304560.4,308562,335590.7,320058,318582.3,359560.7,335661.3,333612.7,336181,340385.2,345313.4,352939,358840.3,5985073,5992472,5999043,6003787,6006442,6009426,6014165,6018707,6021731,6024740,6030056,6035655,6038206,6041499,6046741,6052015,6055049,6058300,6063702,6069193,6071696,6074821,6079929,6084918,6087686,6091013,6096790,6103087,6106816,6110790,6116433,6121245,6123277,6126324,6131322,6136060,6138213,6141212,6146369,6151678,6153939,6153918,6156857,6161554,6161678,6166400,6171640,6173358,6172763,6175570,6181604,6188012,36671,37080,37320,37425,38126,38299,38717,38975,39757,40226,40013,41236,40380,40538,40622,40719,41076,41752,42285,42707,42921,43180,43489,43675,44128,44247,44446,44779,44684,45036,45361,45867,46246,47001,47245,47826,48514,48719,49229,49509,50141,54533,51984,51705,58354,54434,54056,54457,55143,55916,57095,57990,15571305,"253711","326659",10482738,"170800",9557479,"200499",4265356,"69.5",3824677,"80.2",3631537,"59.2",3274114,"68.7",7966545,"N/A",5150760,"N/A",441000,"20300","N/A",254254,3451981,"N/A",5868581,"N/A","1051","2731",1057337,"95",942509,"88.7",3260032,"306960","1466170",4079356,"77.9",3491258,"66.7",10103885,"192980","297406",4232802,"73.4",3613130,"62.6",10412052,"180472","269897",895835,"14.6",894696,"15.5",876772,"16.7",851691,"17.9",428589,"40.4","N/A","N/A",FALSE,0.0841290387015761,"Pfizer",66.7171998239886,1.56416486276851e-05,29,"MO","Plains"
30000,"Montana",7,35296.3,35870.7,36272.3,36802.2,37910.7,38191.2,38641.1,39208.8,40379.8,40665.7,40655.3,41978.1,40921.8,41270.8,41437.8,41659.5,42478,43433.9,43908.6,44402.5,45303.9,45443,45658.9,45408.3,45471.9,45661.4,46151,47012.3,48117.4,48715.4,48837.3,49149.1,49880.8,50452.5,50931.9,51855,53107.8,53563.1,54581.2,55082,55448.3,61852.9,58735.3,59042.1,65876.7,61751.8,61495.3,62423,63388.3,64163.2,65308.3,66384.5,988633,990125,991946,993918,995554,997235,999205,1001153,1002801,1004474,1006903,1009776,1012107,1014562,1017201,1019681,1021742,1023857,1026395,1028997,1031049,1033209,1035969,1038939,1041515,1044184,1047356,1050662,1053502,1056381,1059214,1061558,1063376,1065398,1067830,1070252,1072207,1074291,1077117,1080317,1082950,1085549,1089635,1094577,1098614,1103549,1108457,1112570,1116206,1120524,1125433,1130403,35702,36228,36567,37027,38080,38297,38672,39164,40267,40485,40377,41572,40432,40678,40737,40855,41574,42422,42779,43151,43940,43982,44074,43706,43659,43729,44064,44745,45674,46115,46107,46299,46908,47356,47697,48451,49531,49859,50673,50987,51201,56978,53904,53941,59964,55957,55478,56107,56789,57262,58030,58726,2698655,"252499","321196",1864139,"174418",1710814,"203622",730659,"68.4",657306,"78.2",633022,"59.2",573904,"68.3",1266975,"N/A",952100,"N/A",106500,"7000","N/A",62615,712199,"N/A",918608,"N/A","246","2631",205031,"95",184505,"89.4",647264,"313541","1307250",698887,"76.2",609763,"66.5",1801609,"196340","294100",725481,"72",631005,"62.6",1854962,"184093","267824",167621,"15.7",167620,"16.6",164491,"17.9",159891,"19",84771,"41.1","N/A","N/A",FALSE,0.0908556522262779,"Pfizer",60.827150916253,8.32497114471361e-05,30,"MT","Rockies"
31000,"Nebraska",4,73390.9,75318.1,76138.1,77111.2,83017.7,83770,84622.4,85436.4,85966.6,87009.1,85664.4,88376.9,87496.6,87591.5,87583.1,86923.6,90095.3,92639.9,92865.2,94495.8,95539.8,96271.7,96909.1,96408,94930.6,94651.7,94724.4,95045.4,95239.1,96615.8,97258.3,98871.7,98955.8,99785.2,101036.4,104202.8,104114.2,104475.5,107045.2,108054,108097,116732.4,111720.8,113968.4,123628,119302.9,119060.4,118762.6,121378.3,123547.8,126096.1,127422.2,1824284,1828212,1832160,1835837,1838834,1841991,1845884,1849907,1853414,1856949,1861085,1865098,1868153,1871437,1875650,1880130,1883911,1887796,1892096,1896133,1899259,1902576,1906823,1911334,1915128,1919142,1923271,1926898,1929713,1932623,1936006,1939123,1941321,1943877,1946825,1949533,1951454,1953629,1956342,1958975,1960675,1961910,1963039,1963501,1962495,1962979,1964366,1965376,1965617,1966961,1969104,1971222,40230,41198,41556,42003,45147,45478,45844,46184,46383,46856,46029,47385,46836,46804,46695,46233,47824,49073,49081,49836,50304,50601,50822,50440,49569,49320,49252,49326,49354,49992,50237,50988,50973,51333,51898,53450,53352,53478,54717,55158,55133,59499,56912,58043,62995,60776,60610,60427,61751,62812,64037,64641,5440180,"281232","373041",3811166,"197020",3403091,"233355",1424245,"73.6",1243027,"85.2",1285468,"66.5",1127590,"77.3",2902720,"N/A",1647080,"N/A",152400,"7100","N/A",96415,1239924,"N/A",2123006,"N/A","437","10495",318510,"95",297663,"95",1112733,"356122","1741090",1343798,"83.1",1218718,"75.4",3637663,"224907","336352",1410685,"78.2",1276931,"70.8",3783687,"209794","301641",336387,"17.4",335442,"18.6",327402,"20.2",314802,"21.6",149206,"47.8","N/A","N/A",FALSE,0.0894664892627322,"Pfizer",67.465951772925,4.73696251508167e-05,31,"NE","Plains"
32000,"Nevada",8,99220.2,101216.4,102177.3,102614.2,104350,105183.3,105331.7,105556.5,107915.9,108874.9,108201.8,112397,108448.7,109294.1,110246,111493.3,113685.9,116214.1,118344,121244.9,124839.9,126882.5,127509.7,129235.8,129034.9,130644.8,134739.9,133813.8,137677.8,139728.9,141799,142184.2,146507.6,147755.9,150253,153930.9,158092.8,160477.9,162180.5,164983.1,167009.8,179963,171678.8,171502.3,195222.3,185988.3,187524.2,188498.2,188683.5,193129.8,196193.6,200956.8,2698408,2701277,2703477,2706067,2707776,2709435,2714578,2722345,2729395,2736284,2744274,2752468,2759355,2766264,2775380,2785915,2795419,2804839,2816244,2828717,2839915,2851150,2863524,2876173,2887788,2899486,2912326,2925513,2937494,2949343,2963113,2977747,2991064,3004587,3019263,3034179,3047850,3061689,3075394,3087922,3099098,3109915,3119951,3128073,3134189,3142028,3150693,3158544,3165386,3173377,3183003,3193101,36770,37470,37795,37920,38537,38821,38802,38774,39538,39789,39428,40835,39302,39510,39723,40020,40669,41433,42022,42862,43959,44502,44529,44933,44683,45058,46265,45740,46869,47376,47855,47749,48982,49177,49765,50732,51870,52415,52735,53429,53890,57868,55026,54827,62288,59194,59518,59679,59608,60859,61638,62935,7671550,"249064","321319",5575811,"181024",5093971,"213359",2397424,"77.8",2156648,"90.3",1965252,"63.8",1776842,"74.4",4208030,"N/A",2313400,"N/A",260400,"7400","N/A",189058,1769391,"N/A",3214288,"N/A","586","711",517983,"95",442365,"89.2",1497819,"301997","1546770",2314616,"88.3",1902023,"72.5",5413203,"206469","292606",2389618,"82.6",1961364,"67.8",5560179,"192089","265031",393689,"12.8",393565,"13.6",387394,"14.8",377198,"15.8",180138,"36.3","N/A","N/A",FALSE,0.0838219689133003,"Pfizer",53.7010442045256,2.2399477190737e-05,32,"NV","Far West"
33000,"New Hampshire",1,60404,62110.2,62660,62954.7,63813.5,64934.4,65352.4,65680.7,66733.6,67368.5,67436.2,69882.6,67024.3,67597.7,67845.8,68347,68815.9,70260.5,70643.4,72285.1,71950.2,73268.4,73572.3,75107.3,74909.1,75848.9,76739.1,76872.2,78038.3,78658.1,80106.3,80447.2,81914.9,82356.8,83510.1,84322.4,88163.8,88562.6,88986.3,89578.6,91818.6,96012.2,94468.5,95463.9,102477.9,99971.1,100740.5,103508.4,101919.7,103693.4,104674.9,106402.6,1316570,1316763,1317888,1319266,1320187,1321237,1322698,1324194,1325370,1326578,1327991,1329193,1329731,1330498,1332205,1334477,1336277,1338158,1340015,1341387,1342128,1343030,1344737,1346764,1348332,1350047,1352242,1354462,1356148,1357906,1359912,1361604,1362685,1364033,1365929,1367896,1369290,1370890,1373023,1375252,1376787,1377949,1379899,1382306,1383600,1386037,1388653,1390497,1391774,1393921,1396698,1399433,45880,47169,47546,47720,48337,49147,49408,49600,50351,50784,50781,52575,50404,50806,50927,51216,51498,52505,52718,53888,53609,54555,54711,55769,55557,56182,56750,56755,57544,57926,58906,59083,60113,60377,61138,61644,64387,64602,64810,65136,66691,69678,68460,69061,74066,72127,72545,74440,73230,74390,74945,76033,5094490,"374674","461266",2973918,"218717",2713241,"245663",1202698,"88.5",1082232,"95",981493,"72.2",890406,"80.6",2635340,"N/A",1454740,"N/A",189000,"4700","N/A",90654,1005661,"N/A",1544863,"N/A","320","520",304383,"95",257067,"95",909109,"358109","2006780",1151623,"95",945525,"78.9",2874813,"239854","425048",1193932,"92.1",976752,"75.4",2956700,"228125","393066",318626,"23.4",318165,"24.5",312071,"26",301807,"27.3",145159,"57.2","N/A","N/A",TRUE,0.088469923455431,"Pfizer",62.7180162890756,5.21477680091558e-05,33,"NH","North East"
34000,"New Jersey",2,445079.4,449431.7,451772.7,453424.4,464813.2,468313.1,472558.4,474347.7,482710.3,484616.7,485208.2,497575.4,487609.8,491490.4,492748,498104.7,506778.8,512327.1,518437.2,524517.2,531750.3,535482.5,539928.8,541261.9,547848.7,549160,553402.1,557794.8,562951.5,570835.8,576479.5,582155.3,588797.4,594057.9,602146.2,608713.2,625693,632078.9,636461.4,640370.8,645449.2,674192.6,668032.3,666502.2,735442.8,703999.8,707903.4,707536.4,716198.1,724020.3,733009.6,742372.7,8787018,8800370,8819061,8837571,8852973,8868326,8885244,8900610,8913660,8926247,8941693,8956768,8967323,8978177,8992162,9006296,9017083,9027741,9041121,9053945,9062435,9071238,9083408,9095757,9104839,9114234,9128315,9144106,9156079,9167787,9181968,9194875,9203552,9213061,9225377,9237127,9244939,9253471,9265545,9277683,9285445,9279626,9272625,9272868,9266892,9266682,9268316,9266596,9261823,9260932,9264314,9268310,50652,51070,51227,51306,52504,52807,53185,53294,54154,54291,54264,55553,54376,54743,54798,55306,56202,56750,57342,57932,58676,59031,59441,59507,60171,60253,60625,61000,61484,62265,62784,63313,63975,64480,65271,65899,67680,68307,68691,69023,69512,72653,72043,71877,79362,75971,76379,76353,77328,78180,79122,80098,29382140,"330798","423154",19779469,"222687",17678923,"254607",8422414,"94.8",7421863,"95",7037922,"79.2",6191171,"89.2",15474710,"N/A",9139640,"N/A",1015900,"41600","N/A",585712,6895144,"N/A",10823763,"N/A","1926","610",1685428,"95",1438113,"95",4861168,"329451","1991290",8004926,"95",6697052,"87.9",18949117,"248729","385675",8367118,"95",7003554,"83.7",19671120,"235090","351146",1492768,"16.8",1490691,"17.8",1459218,"19.2",1409827,"20.3",593629,"40.2","N/A","N/A",TRUE,0.0881425087866733,"Pfizer",65.02263620416,7.7201899840307e-06,34,"NJ","North East"
35000,"New Mexico",6,68075.6,69183.8,70167.1,71002.5,72121.5,72591.4,73310.1,73847.8,74218.8,75000.7,74287.9,75394,73208.5,73466.6,73521.8,74050.2,75878.7,77407.2,78659.8,79954.6,79400.5,79854.1,79847.1,80355.5,80735.5,81479.1,81626.6,81815.2,82121.3,82541.3,83155.1,83796.7,85090.3,85984.3,87283.5,88384.2,90195.2,91301.7,92580,93337.6,94873.5,103992,99651.1,97555.5,112607.1,103837.5,104169.8,105190.3,105412.7,107213.6,111695.1,111023.9,2055731,2062001,2067453,2072223,2076176,2079994,2083503,2085966,2087733,2089290,2091544,2093665,2094725,2095748,2096675,2096857,2096142,2095296,2095657,2096468,2096222,2095947,2096833,2098201,2098717,2099198,2100213,2101148,2101114,2100883,2101706,2102769,2102799,2102866,2104392,2106663,2107936,2109276,2111752,2114677,2116618,2117821,2118531,2118388,2116921,2116568,2116543,2115749,2114248,2113464,2113929,2114723,33115,33552,33939,34264,34738,34900,35186,35402,35550,35898,35518,36011,34949,35055,35066,35315,36199,36943,37535,38138,37878,38099,38080,38297,38469,38814,38866,38938,39085,39289,39566,39851,40465,40889,41477,41955,42788,43286,43840,44138,44823,49103,47038,46052,53194,49059,49217,49718,49858,50729,52838,52500,6130715,"292380","378208",4733684,"225754",4228210,"260841",1986449,"94.7",1731767,"95",1580694,"75.4",1383856,"85.4",3001645,"N/A",2020200,"N/A",190600,"7800","N/A",121526,1722268,"N/A",2407337,"N/A","2869","17225",465818,"95",380968,"95",1358213,"359691","1623580",1876504,"95",1502366,"84.1",4527303,"253285","342990",1970514,"95",1573769,"79.7",4704738,"238113","310284",460099,"21.9",459706,"23.3",448658,"25.1",430607,"26.6",196708,"52.1","N/A","N/A",TRUE,0.0558906370110685,"Pfizer",66.8493900862787,3.36527089727845e-05,35,"NM","South West"
36000,"New York",2,930925.2,953115.9,951458.5,952806.5,998169.9,994006.8,998743.5,1000102.9,1027687.4,1043921.4,1041263.1,1083760.9,1047410,1060933.2,1066428.8,1073769.7,1084611.5,1095437.4,1113591.3,1129991.1,1136530.9,1153767.5,1164710,1163883,1184243.9,1187723.4,1194432.9,1211738.3,1244929.9,1261091.5,1273951.5,1301033.3,1293430.5,1306526.1,1320200.1,1325553.2,1344785.1,1360983.4,1367166.1,1376259.7,1388815.7,1490366.4,1468808.2,1422508.3,1580000.1,1503629.7,1509475.4,1503409,1513664.5,1519839.9,1541112.5,1571690.2,19368708,19398739,19445954,19494609,19536462,19578073,19623213,19665227,19702208,19737960,19778590,19817063,19845761,19874940,19908482,19940038,19964416,19988374,20017079,20043612,20060588,20078112,20099634,20118441,20130173,20142671,20159203,20173591,20179707,20185084,20197874,20210061,20213147,20218021,20225915,20229779,20225101,20221772,20222487,20220100,20208005,20153137,20079956,20019882,19946275,19885092,19837407,19792001,19739890,19696302,19662478,19630489,48063,49133,48928,48875,51093,50771,50896,50856,52161,52889,52646,54688,52778,53380,53567,53850,54327,54804,55632,56377,56655,57464,57947,57852,58829,58966,59250,60066,61692,62476,63074,64376,63990,64622,65273,65525,66491,67303,67606,68064,68726,73952,73148,71055,79213,75616,76092,75960,76680,77164,78378,80064,60916875,"313140","394916",45062005,"231639",40652452,"263545",18411112,"94.6",16364758,"95",15750363,"81",14005151,"90.8",32639195,"N/A",18763080,"N/A",1962500,"38600","N/A",1460587,15018967,"N/A",25107204,"N/A","4079","47031",3627768,"95",3193693,"95",10961055,"332542","1848120",17536514,"95",15031940,"89.6",43253530,"257873","363179",18282219,"95",15675321,"85.5",44795841,"244431","332397",3380990,"17.4",3377085,"18.4",3305896,"19.7",3203365,"20.8",1375087,"41.7","N/A","N/A",TRUE,0.0853663917747065,"Pfizer",65.3874026827933,3.5515183810078e-06,36,"NY","North East"
37000,"North Carolina",5,339254,343521,344174.6,346443.7,352670.4,354805.4,356760.2,359070.5,374275.6,379253.6,379824.7,387288.3,374430.5,375059.2,376443.3,379636.6,389203.3,395281.1,401312,406601.7,413672.9,417434.5,421721.7,424508,428373.2,429746,433271.4,439114.2,446379.9,451227,455782.9,461526.9,466460.3,472638.8,478781.3,487354.4,498068.5,503207.6,507397.2,513207.4,522841.2,563048.7,542945.6,542070.3,618475.3,576612.7,582752,592940.1,604866,606820.6,617298.3,628203.8,9522731,9553424,9581742,9601075,9617292,9633534,9653702,9674889,9693801,9712177,9734172,9756612,9774479,9792965,9814176,9835324,9853017,9870640,9892839,9916464,9935614,9955273,9981167,10010218,10035814,10061968,10089927,10116725,10139637,10162482,10189337,10216340,10238941,10262792,10289144,10314640,10335946,10358285,10383827,10409197,10429512,10443511,10465589,10496279,10519491,10549388,10583891,10616910,10646213,10680422,10719828,10760134,35626,35958,35920,36084,36670,36830,36956,37114,38610,39049,39020,39695,38307,38299,38357,38599,39501,40046,40566,41003,41635,41931,42252,42407,42684,42710,42941,43405,44023,44401,44731,45175,45557,46054,46533,47249,48188,48580,48864,49303,50131,53914,51879,51644,58793,54658,55060,55849,56815,56816,57585,58383,30057070,"286583","367115",19484892,"185781",17606688,"215047",9707083,"92.6",8719581,"95",7059349,"67.3",6357024,"77.6",15366080,"N/A",9753780,"N/A",959800,"45000","N/A",524482,6652363,"N/A",10698888,"N/A","1748","1555",2479481,"95",1836575,"95",5618505,"320857","1716470",9295984,"95",6780218,"75.5",18706214,"208182","334506",9644299,"95",7028575,"71.2",19360109,"195986","304273",1570173,"15",1567695,"15.9",1532864,"17.1",1480063,"18.1",698048,"39.9","N/A","N/A",TRUE,0.0647160223107189,"Pfizer",59.5786908643341,6.1376513278329e-06,37,"NC","South East"
38000,"North Dakota",4,28681.3,29509,30211.4,31121.5,32338.8,32978.3,34070.7,35276.4,37911.5,39309.7,40009.8,41953.9,39037.6,39871.3,40435.5,40389.8,41621.2,42944.2,43124.8,43588.3,41951.4,41102.5,40831,40830.8,39680.9,39585,39938.5,39858.9,39965.7,40362.8,40167,40569.7,41587.9,42241.1,42955.2,44148.1,44090.6,43674.7,44752.8,44869.5,45782.1,49289,47134.3,47437.6,51500.4,50164.1,49589.1,48757.8,49903.1,51043,52432,52919.9,671404,673820,676674,679760,682614,685527,689391,693978,698375,702805,708002,713732,719074,724539,729572,733968,738070,742240,746814,751557,755896,760378,763037,763612,763919,764348,764998,765645,765979,766357,767356,768660,769621,770753,772143,773539,774616,775828,777066,778100,778767,779252,779439,779111,778225,777945,778204,778490,778459,778917,779594,780216,42718,43794,44647,45783,47375,48107,49422,50832,54285,55933,56511,58781,54289,55030,55424,55029,56392,57858,57745,57997,55499,54055,53511,53471,51944,51789,52207,52059,52176,52668,52345,52780,54037,54805,55631,57073,56919,56294,57592,57665,58788,63252,60472,60887,66177,64483,63722,62631,64105,65531,67256,67827,1896470,"248860","325915",1311591,"172111",1183514,"203391",530126,"69.6",473318,"81.3",448292,"58.8",403746,"69.4",990720,"N/A",600920,"N/A",53600,"2600","N/A",40026,430096,"N/A",713651,"N/A","211","344",127523,"95",109953,"91.7",386260,"322300","1582440",503216,"79",429143,"67.3",1251693,"196422","297604",524550,"74.1",446153,"63",1299888,"183610","267878",119112,"15.6",119098,"16.8",115919,"18.2",111642,"19.2",56589,"47.2","N/A","N/A",FALSE,0.0998251359110853,"Pfizer",71.6394021908583,0.000135136556574962,38,"ND","Plains"
39000,"Ohio",3,416075.5,422751.1,429317.7,433302.9,446772.3,450312,456793.7,460503.7,464392.9,470769.4,469607.4,482045.7,474300.1,478700.9,480405.8,482948.1,488978.4,495656.8,502440.6,508502.4,512381.8,517362.5,520598.5,524964.2,524637.2,527166,529548.2,534927.2,540408.9,544814.7,549813,555029.9,559736.9,564631.2,571658.9,577806.6,583860.5,586912.5,591423.5,597146.7,603666.7,658791.3,634691.5,628173.2,710292.6,656682.1,652669.5,660498,666353.2,675507.6,685478.9,694402,11536923,11539167,11545790,11551544,11553261,11555577,11561230,11566429,11568766,11570996,11580141,11592268,11598559,11606205,11617621,11629056,11636199,11643714,11653982,11662987,11666292,11670671,11679251,11687970,11692440,11697878,11708166,11719368,11725781,11732540,11742563,11750990,11754025,11758982,11767807,11776230,11779724,11784738,11792446,11798887,11799446,11797391,11795086,11788248,11772609,11765745,11764806,11762147,11755144,11754550,11758175,11760917,36065,36636,37184,37510,38671,38969,39511,39814,40142,40685,40553,41583,40893,41245,41351,41529,42022,42569,43113,43600,43920,44330,44575,44915,44870,45065,45229,45645,46087,46436,46822,47233,47621,48017,48578,49065,49565,49803,50153,50610,51161,55842,53810,53288,60334,55813,55476,56155,56686,57468,58298,59043,31451215,"269064","345197",21043347,"180025",19183660,"210553",7700545,"65.9",6885069,"75.6",7082025,"60.6",6363668,"69.8",16341575,"N/A",10080740,"N/A",1013900,"29000","N/A",638614,7244843,"N/A",11244852,"N/A","2172","24788",1938363,"94.7",1833487,"89.6",6643032,"324633","1536970",7340580,"73.4",6782634,"67.8",20254109,"202527","314490",7633481,"69.4",7042199,"64",20895725,"189991","285965",1867049,"16",1865253,"17",1823355,"18.2",1765911,"19.4",880028,"43","N/A","N/A",FALSE,0.0901756953566274,"Pfizer",66.876665101771,8.68466648812143e-06,39,"OH","Great Lakes"
40000,"Oklahoma",6,134481.2,139043.4,142352.6,144684.2,146534.3,149738.2,152468.8,154098.4,158498.4,160399.3,159915.6,165700.2,166557,169090,170278.7,171604.8,177006.5,180012.6,182222,182634.8,176899.1,174996.5,175184.9,173455.4,166583.7,166137.5,166383.4,167086.3,170595.5,173643.7,175205.5,177193.7,179016.2,180759.8,183396.3,186192.4,191224.3,190768.4,192248.6,193165,194000.8,210069.8,199583.6,196957.4,224229.7,210164.5,209917.8,214730.7,215263,219203.7,223552.2,226303.5,3746415,3755527,3763607,3770950,3776989,3783171,3790736,3798424,3805093,3811737,3820220,3829255,3836423,3843882,3851493,3858170,3863394,3868644,3876077,3884316,3890692,3897345,3903565,3908055,3911200,3914680,3917868,3919584,3919700,3919816,3922049,3924814,3925788,3927289,3931022,3935537,3938402,3941716,3947065,3953149,3957338,3961801,3968804,3975870,3980153,3987091,3995308,4002336,4007907,4015447,4025092,4035155,35896,37024,37823,38368,38797,39580,40221,40569,41654,42080,41860,43272,43415,43989,44211,44478,45816,46531,47012,47019,45467,44901,44878,44384,42591,42440,42468,42629,43523,44299,44672,45147,45600,46027,46654,47311,48554,48397,48707,48864,49023,53024,50288,49538,56337,52711,52541,53651,53710,54590,55540,56083,9630860,"243390","320523",6758078,"170789",6193513,"206125",2959163,"74.8",2676681,"89.1",2397648,"60.6",2171478,"72.3",4602480,"N/A",3590680,"N/A",342300,"29200","N/A",157969,2522418,"N/A",3589898,"N/A","955","13259",714710,"95",593822,"93.5",1986539,"312776","1516360",2861809,"86.1",2324148,"69.9",6569382,"197562","289630",2948093,"79.6",2392496,"64.6",6737564,"182026","260192",470981,"11.9",470650,"12.7",463972,"14",451770,"15",236310,"37.2","N/A","N/A",FALSE,0.0764755101358053,"Pfizer",70.0379799693774,2.36681723748835e-05,40,"OK","South West"
41000,"Oregon",8,137182,137518.9,138721.4,139744,144228.4,144988.9,145549.1,147618,151746.2,153113.3,153043.1,156289.2,153959.7,155553.8,156891.3,158115.3,161893.8,165692.2,168960,171763.3,176478.2,178307.4,181298.1,182317.1,186134.7,187234.4,188652.2,191112,194631.8,198088.1,199899.2,203211,207136.6,209816.8,213486.8,215726.3,218929.8,220709.6,222663.8,226724.7,231003.2,249485.5,242274,244398.6,272704.6,256128.6,257987.6,259365.2,261989.1,264730.1,266261.2,271576.2,3827870,3834290,3842677,3852053,3859972,3868141,3876599,3883986,3890252,3896565,3903909,3910793,3915632,3920893,3929746,3940877,3950446,3960181,3972867,3987049,3999192,4011750,4028416,4047730,4065500,4083656,4100598,4114959,4127539,4140237,4152361,4162207,4170089,4178640,4188146,4197039,4204099,4211698,4220291,4228377,4234375,4240705,4246905,4250320,4250521,4253865,4254863,4250683,4244811,4241219,4239823,4238535,35838,35866,36100,36278,37365,37483,37546,38007,39007,39294,39203,39964,39319,39673,39924,40122,40981,41840,42528,43080,44128,44446,45005,45042,45784,45850,46006,46443,47154,47845,48141,48823,49672,50212,50974,51400,52075,52404,52760,53620,54554,58831,57047,57501,64158,60211,60634,61017,61720,62418,62800,64073,14055745,"333253","419427",9355292,"221808",8416149,"251140",3454547,"81.9",3047681,"90.9",3062145,"72.6",2724048,"81.3",7050915,"N/A",4482260,"N/A",466700,"23900","N/A",279576,3128573,"N/A",4979443,"N/A","1386","24637",785189,"95",723016,"94.4",2672730,"348884","1834760",3264323,"89.5",2919657,"80",8943765,"245185","385324",3417300,"85.6",3046239,"76.3",9285389,"232721","352281",933253,"22.1",930216,"23.3",900531,"24.7",862163,"25.7",366356,"47.8","N/A","N/A",TRUE,0.0786141279884164,"Pfizer",55.8761040179515,1.61746544533774e-05,41,"OR","Far West"
42000,"Pennsylvania",2,523719.3,534636.5,542706.7,548066.3,556884,562855.3,568681.1,570361.2,579966.2,584913.1,586267.9,599516.7,587324.8,593783.8,594934.5,598685.3,606916.5,615423.8,623265.9,630711.3,637201.3,640972.9,646320.7,651457.4,654061.9,657641.8,665197.8,667738.8,667150,673460.5,682933.8,690873.9,701290.9,708251.6,720223.2,727560.4,734823.3,738757.9,740789.1,745197,749651.5,821309.4,804822.7,777342.2,867872,821236.5,821479.6,822669.8,827716.9,839515.5,850544.8,863609.8,12698494,12709513,12725877,12742042,12753405,12765382,12779854,12792317,12801296,12810099,12822275,12832980,12836856,12842204,12852700,12863699,12869720,12876136,12885532,12893130,12894064,12896145,12903111,12910092,12912136,12915197,12923787,12933292,12937162,12941324,12951992,12963420,12968516,12975692,12984370,12989454,12988716,12989513,12995885,13002983,13003143,12997404,12998857,13005020,13001106,13006850,13008959,12998486,12982683,12974090,12972336,12970954,41243,42066,42646,43012,43666,44092,44498,44586,45305,45660,45723,46717,45753,46237,46289,46541,47158,47796,48369,48918,49418,49703,50090,50461,50655,50920,51471,51629,51568,52040,52728,53294,54076,54583,55468,56012,56574,56873,57002,57310,57652,63190,61915,59772,66754,63139,63147,63290,63755,64707,65566,66580,42449840,"331588","417510",27472663,"214597",24830679,"244219",11640057,"90.9",10406477,"95",9423284,"73.6",8432494,"82.9",21137370,"N/A",13924940,"N/A",1569500,"75100","N/A",802332,9676885,"N/A",14542146,"N/A","2289","1971",2913507,"95",2440911,"95",8453241,"353195","1773650",11087215,"95",8986936,"81.1",26309685,"237419","383068",11537880,"95",9354901,"77.3",27255433,"225176","350707",2434764,"19",2428020,"20.1",2375381,"21.4",2297634,"22.6",1127301,"47.1","N/A","N/A",TRUE,0.0741929184711037,"Pfizer",67.1560466312448,5.76939156150565e-06,42,"PA","Mid-Atlantic"
44000,"Rhode Island",1,44032.6,45038.2,45514.5,45879.5,46028.2,46906,47048.8,47191.8,48133,48384.2,48260.7,49229,48251.6,48335.5,48634.3,48957.5,49783.2,50242.1,50818.3,51741.1,51896.4,52382.1,52576.5,52935.3,52577.5,52992.3,53644,53704.9,54140.3,54883.3,56056.1,56163,56794.9,57089.5,57525.8,58551.6,60631.3,61028.6,61088.6,61680.1,62730.2,68700,66483.6,64922.3,73119,69784.4,69604.5,69618,69746.7,71307.5,72030.2,72935,1053216,1053952,1055612,1056709,1057406,1058152,1059402,1060792,1061890,1062969,1064394,1065765,1066589,1067528,1068904,1070324,1071347,1072424,1073807,1075109,1075896,1076766,1078110,1079483,1080483,1081578,1082740,1083618,1084061,1084525,1085942,1087827,1089259,1090827,1092277,1093151,1093577,1094118,1095195,1096424,1097090,1096785,1096607,1096909,1096404,1096661,1096729,1095888,1094623,1093895,1093830,1093817,41808,42733,43117,43417,43529,44328,44411,44487,45328,45518,45341,46191,45239,45278,45499,45741,46468,46849,47325,48126,48236,48648,48767,49038,48661,48995,49545,49561,49942,50606,51620,51629,52141,52336,52666,53562,55443,55779,55779,56256,57179,62638,60627,59187,66690,63633,63466,63527,63718,65187,65851,66679,3496965,"330101","409066",2663208,"251398",2402542,"281043",1125682,"95",992452,"95",931689,"87.9",818636,"95",1754745,"N/A",1153160,"N/A",90500,"4400","N/A",67202,916654,"N/A",1416408,"N/A","485","3017",235072,"95",200603,"95",729530,"390027","1869580",1064404,"95",881031,"95",2554495,"275420","377035",1116898,"95",926150,"92.2",2645035,"263229","348012",269910,"25.5",269513,"26.8",263683,"28.4",254756,"29.8",110352,"59","N/A","N/A",TRUE,0.0647918328622115,"Pfizer",65.9943785562487,5.86261293653525e-05,44,"RI","North East"
45000,"South Carolina",5,149317.2,151826.1,153340.4,154438.5,158873.2,160660.5,161503,162032.7,167273.2,168656.2,168357.6,172453.6,169424.2,170525.2,172570.3,173949.2,177753.3,181911.4,184521.5,187144.4,190533.9,193116.9,195871.6,197934,199089.4,200933.1,203063.9,205775.1,209393.5,211743.8,213151.9,215011.8,217329.7,219739.5,222945.3,226814.3,233354.9,235628.7,238252.3,240862.1,241025.1,265358.2,250803,250598.3,286434.5,265904.4,266534.5,270484.8,273360.8,278515.4,284082.4,290713.9,4620101,4629569,4638249,4646263,4652790,4659165,4668167,4678409,4687585,4696361,4706916,4717778,4726424,4735294,4747392,4761376,4773670,4785829,4800738,4816985,4830988,4845150,4860633,4875999,4889618,4903392,4918393,4933154,4946005,4958740,4973462,4988293,5000859,5013981,5028894,5043987,5056929,5070308,5085306,5100200,5112468,5124688,5140351,5156579,5168982,5184655,5205164,5227422,5247754,5270524,5295921,5321770,32319,32795,33060,33239,34146,34483,34597,34634,35684,35912,35768,36554,35846,36012,36351,36533,37236,38010,38436,38851,39440,39858,40298,40594,40717,40978,41287,41713,42336,42701,42858,43103,43458,43825,44333,44967,46146,46472,46851,47226,47145,51780,48791,48598,55414,51287,51206,51743,52091,52844,53642,54627,14129805,"274434","349962",8647892,"167962",7959647,"197141",3663697,"71.2",3317589,"82.2",3089758,"60",2809642,"69.6",6874265,"N/A",5125140,"N/A",466700,"47500","N/A",233994,3124088,"N/A",4675620,"N/A","764","3324",994616,"95",860173,"91.8",2863455,"305591","1507950",3530989,"79.9",2989595,"67.6",8392682,"189881","319681",3644266,"75",3079952,"63.4",8610416,"177306","290961",595540,"11.6",595117,"12.3",586667,"13.3",572757,"14.2",323258,"34.5","N/A","N/A",FALSE,0.0793498752762578,"Pfizer",57.5387692160574,1.57051113168085e-05,45,"SC","South East"
46000,"South Dakota",4,32906.6,33535.6,34319.8,34454,36396.2,36513.2,36877.4,37584.5,37939.7,38155.4,36471.6,38810.1,38379.9,38491.3,38423.1,38169.3,39393.6,40335.8,40446.3,40833.2,41341,41628.1,42059.1,42622.4,41996.4,42090.4,42601.3,42659.1,43433.1,43636.8,43613.6,43712.6,44809.3,44976.4,45486.4,47371.4,47960.3,47991.5,49410.7,49825.7,50927.2,55311.6,53316.7,54930.5,59334.4,57312.5,57184.7,57039.4,58425.7,59625.3,60469.4,60966,813122,815132,817087,818973,820575,822241,824457,826968,829267,831575,834015,836278,838144,840106,842101,843863,845324,846819,848366,849672,850567,851567,853306,855566,857520,859540,861983,864521,866701,868920,870925,872378,873412,874609,876329,878273,879848,881551,883347,884936,886122,887168,888965,891158,892667,894889,897985,901347,904356,907898,911868,915861,40470,41141,42003,42070,44354,44407,44729,45449,45751,45883,43730,46408,45792,45817,45628,45232,46602,47632,47676,48058,48604,48884,49290,49818,48974,48968,49422,49344,50113,50220,50077,50107,51304,51425,51906,53937,54510,54440,55936,56304,57472,62346,59976,61639,66469,64044,63681,63282,64605,65674,66314,66567,2694425,"304572","403624",1685651,"190542",1512005,"226498",744617,"84.2",657978,"95",587813,"66.4",523683,"78.4",1325725,"N/A",882400,"N/A",94000,"5000","N/A",42522,590296,"N/A",900370,"N/A","101","239",196716,"95",159478,"95",528219,"347808","1774150",706461,"95",561120,"76",1610957,"218257","365048",738538,"89.7",586263,"71.2",1674734,"203370","327195",153549,"17.4",153480,"18.6",149891,"20.3",144675,"21.7",74278,"48.9","N/A","N/A",TRUE,0.0818756488234891,"Pfizer",62.2309155922973,8.35743954171035e-05,46,"SD","Plains"
47000,"Tennessee",5,222932.4,226932.4,229784,231883.1,237877.8,240428.4,243124.1,245040.2,250176.4,253854.7,253963.2,259888.3,255561.6,255990.8,256858.5,258604.5,262821.4,266253.1,268547.6,271532.9,276483.2,280177.2,282989.8,285474.3,286951.3,287828.2,291428.1,294751.8,298186.9,300894.1,303067.4,307698.2,312367.9,315773,321920.6,326027.5,334258.8,337215.2,340156,342806.8,352924.8,371350.8,362925.9,361911.2,413111.1,383912.8,386869,394188.5,401137.5,406105,413974.8,422562,6340438,6351224,6363297,6376247,6387092,6398164,6412429,6427909,6441890,6455711,6469897,6482381,6491750,6501778,6514763,6528769,6540460,6552276,6566713,6581694,6593574,6606010,6621217,6637070,6650593,6664633,6681699,6699759,6715181,6730722,6748777,6766725,6781703,6797755,6814436,6829519,6841839,6855019,6871586,6889298,6903725,6917594,6931860,6943392,6949963,6961467,6979542,6999917,7017888,7039526,7064060,7088681,35160,35730,36111,36367,37244,37578,37915,38121,38836,39322,39253,40091,39367,39372,39427,39610,40184,40635,40895,41256,41932,42412,42740,43012,43147,43187,43616,43994,44405,44705,44907,45472,46060,46453,47241,47738,48855,49192,49502,49759,51121,53682,52356,52123,59441,55148,55429,56313,57159,57689,58603,59611,17054590,"249731","320628",11280871,"165186",10458824,"196627",4407374,"64.5",4014104,"75.5",3847852,"56.3",3524621,"66.3",8743140,"N/A",5670040,"N/A",533400,"18900","N/A",271055,4041531,"N/A",6184812,"N/A","1823","78461",1081251,"94.6",991728,"86.7",3515706,"307480","1491580",4259425,"73",3733787,"64",10981981,"188190","292252",4385439,"68.3",3838697,"59.8",11239655,"175057","265624",694525,"10.2",694516,"10.8",685088,"11.7",668034,"12.6",345724,"30.2","N/A","N/A",FALSE,0.095876138489722,"Pfizer",59.2046610911535,1.34330921521871e-05,47,"TN","South East"
48000,"Texas",6,955459.7,976997.7,996275.5,1011927.6,1055970.4,1071395.6,1087986.3,1094260.7,1133784.6,1147435.9,1143935.9,1185744.5,1161145.8,1179827,1192380.3,1206008.9,1242659.3,1268289.2,1287005.1,1300593.8,1306067.6,1299142.8,1301320.4,1295509.6,1282418.8,1285333.1,1299808.4,1318362.8,1358011,1377356.5,1396407.3,1419915.4,1447610.1,1468366,1495112.9,1519767.6,1538587.4,1551659.8,1567695.3,1584071.7,1574902.9,1672545.9,1633786.4,1616867.9,1824737.2,1727253.8,1739600.9,1779134.9,1802336.6,1838860.1,1884519.5,1919867.3,25092384,25192019,25291801,25394327,25488391,25581207,25686853,25797372,25901172,26002872,26108966,26210707,26300413,26390243,26500044,26622801,26736489,26849297,26974290,27102913,27220101,27337789,27456856,27569219,27672089,27775638,27879439,27975921,28061831,28146421,28236263,28321384,28395067,28470471,28558172,28649726,28730587,28813461,28909855,29010869,29100754,29186829,29276934,29362239,29430418,29513713,29620713,29738009,29847338,29966825,30100034,30237905,38078,38782,39391,39849,41429,41882,42356,42418,43773,44127,43814,45239,44149,44707,44995,45300,46478,47237,47712,47987,47982,47522,47395,46991,46343,46276,46622,47125,48394,48935,49454,50136,50981,51575,52353,53046,53552,53852,54227,54603,54119,57305,55805,55066,62002,58524,58729,59827,60385,61363,62609,63492,80161565,"276458","371186",52325747,"180459",45731769,"211760",22265802,"76.8",18978306,"87.9",18386939,"63.4",15994915,"74.1",43553365,"N/A",25448580,"N/A",2668000,"110700","N/A",1548828,17669361,"N/A",29783223,"N/A","6349","59108",3754176,"95",3327307,"89.1",11387140,"304940","2146670",20920147,"86.8",17516959,"72.7",49731913,"206347","332605",22108152,"81.9",18346138,"67.9",52027810,"192660","296840",3164142,"10.9",3160197,"11.7",3083349,"12.8",2968379,"13.7",1231909,"33","N/A","N/A",FALSE,0.0862249336448784,"Pfizer",59.0553628367961,2.65228994836099e-06,48,"TX","South West"
49000,"Utah",7,87832.8,88504,89913,91506.8,94586.3,95878.9,97049.1,97912.5,100978.9,102270,101873.8,106840.4,104333.2,105955.5,107138.4,107277.7,110039.9,111609.7,113223.5,115607.6,118947,120731.4,122070.5,123607.8,125689.1,126780.8,128454.5,130601.3,131850.2,133916.9,136379.9,138501.7,141920.3,143975.4,146298.3,148829.1,154501.3,155339.3,157933.7,160406.5,163437.3,176927.4,170941.8,174235.2,194330.3,181793,183472,188366.9,189697,193844.3,197772.4,202023.1,2757555,2769948,2781703,2792499,2802509,2812806,2823786,2834615,2844806,2855102,2866917,2879341,2890483,2901970,2913614,2924719,2934854,2945215,2957178,2969809,2981190,2992920,3007397,3023690,3039042,3054837,3071248,3087427,3102482,3117726,3132967,3147159,3160183,3173777,3187679,3201003,3213292,3226022,3239539,3253028,3265379,3277435,3290978,3305105,3317152,3331472,3344651,3354876,3364130,3375003,3386784,3398520,31852,31951,32323,32769,33751,34087,34368,34542,35496,35820,35534,37106,36095,36512,36772,36680,37494,37895,38288,38928,39899,40339,40590,40880,41358,41502,41825,42301,42498,42953,43531,44008,44909,45364,45895,46495,48082,48152,48752,49310,50052,53983,51943,52717,58583,54568,54855,56147,56388,57435,58395,59444,8376800,"261289","368248",6151280,"191870",5284521,"232310",2420277,"75.5",2026509,"89.1",2145195,"66.9",1818223,"79.9",4649090,"N/A",2420360,"N/A",257900,"9100","N/A",188721,1948357,"N/A",3522216,"N/A","1126","2752",388293,"95",354309,"95",1292675,"353313","2289540",2250341,"86.8",2017723,"77.8",5795139,"223556","323147",2392622,"80.9",2133928,"72.1",6095442,"206056","283177",473624,"14.8",473053,"16",456375,"17.6",431309,"19",168729,"46.1","N/A","N/A",FALSE,0.0834710655020066,"Pfizer",49.983838481837,2.06521148124107e-05,49,"UT","Rockies"
50000,"Vermont",1,25550.5,26103.3,26388.2,26518.2,27233.8,27579.1,27785.2,28164.1,28214,28587.8,28334.1,29081.7,28613.5,28969.9,29021.5,29252.5,29405.1,29939.4,30475.9,30963.3,30777.6,31011.9,31189,31337.5,31475.4,31483.1,31669.5,31674.6,32090.4,32301.8,32602.9,32786.8,33058,33403.9,33716,34130,35253.6,35435.3,35742.2,35907,36617.5,40339.3,37800.6,37633.3,42003,39249.9,39138.1,39406.6,40034,40802.3,40995.9,41761.5,625655,626047,626852,627761,628429,629157,629783,630129,630330,630517,631045,631703,632062,632506,633011,633377,633505,633683,634195,634839,635183,635590,636003,636204,636197,636243,636768,637555,638092,638674,639364,639851,640068,640417,640907,641307,641445,641646,642166,642727,642976,642948,643504,644626,645207,646306,647075,647081,646768,646894,647311,647721,40838,41695,42096,42243,43336,43835,44119,44696,44761,45340,44900,46037,45270,45802,45847,46185,46416,47247,48054,48773,48455,48792,49039,49257,49474,49483,49735,49681,50291,50576,50993,51241,51648,52160,52607,53219,54960,55226,55659,55867,56950,62741,58742,58380,65100,60730,60485,60899,61899,63074,63333,64474,2562230,"410621","502414",1754720,"281210",1557070,"305317",623231,"95",543618,"95",536458,"86",467395,"91.6",1243690,"N/A",831020,"N/A",74200,"3200","N/A",54472,601573,"N/A",885617,"N/A","176","938",151642,"95",133796,"95",539089,"431137","2049150",582121,"95",501834,"91.1",1658535,"301032","465057",613938,"95",530479,"89.2",1733813,"291424","430666",209898,"33.6",209192,"35.2",202357,"36.7",193190,"37.9",84209,"67.3","N/A","N/A",TRUE,0.0670080596119256,"Pfizer",67.5598338182297,0.000108402556705667,50,"VT","North East"
51000,"Virginia",5,357710.2,364232.7,367811.4,371227.6,380593.8,383859.9,388666,390818.1,398734.9,401952.9,402135.2,413895.9,400197,401232.5,401336.7,403971,411129,417013.7,421932.2,427243.5,431878.1,437421.6,440870,442921.3,444410.4,447021.2,451113.6,456775.3,460459.6,464596.8,468530.3,472856.3,476536.1,480269.7,486266.3,492616.2,500619,505278.6,510604.6,514994.4,520002,550612.9,537442,539211.9,593043.6,561046.2,565215,572806.8,577529.4,583532.5,599732,608466.6,7989609,8012918,8036568,8058451,8077755,8097136,8119721,8143047,8164548,8185692,8207544,8227472,8243608,8260290,8278488,8295995,8310750,8325524,8342131,8357946,8370114,8382757,8397768,8412645,8424791,8437498,8453086,8469161,8482071,8494983,8509324,8521910,8530959,8541058,8554464,8568474,8579115,8590648,8604439,8617708,8626950,8633191,8640320,8646746,8647201,8653137,8661721,8668023,8671440,8678805,8690051,8701756,44772,45456,45767,46067,47116,47407,47867,47994,48837,49104,48996,50307,48546,48574,48479,48695,49470,50089,50578,51118,51598,52181,52498,52649,52750,52980,53367,53934,54286,54691,55061,55487,55860,56231,56844,57492,58353,58817,59342,59760,60276,63779,62202,62360,68582,64837,65254,66083,66601,67237,69014,69925,26595295,"311584","398451",19547911,"229018",17298162,"259161",7786575,"91.2",6773289,"95",6551216,"76.8",5698204,"85.4",14038955,"N/A",8057380,"N/A",803300,"32800","N/A",510017,6271972,"N/A",10925723,"N/A","2460","16486",1563040,"95",1328301,"95",4925063,"362429","1957110",7321192,"95",6178770,"84.6",18543964,"253784","363971",7705864,"95",6503316,"81",19376423,"241299","331197",1792147,"21",1789073,"22.3",1738371,"23.8",1667581,"25",695409,"51.2","N/A","N/A",TRUE,0.0781430346461699,"Pfizer",65.531107212787,8.41590907591425e-06,51,"VA","Mid-Atlantic"
53000,"Washington",8,280621.4,284285.4,287300.3,290112.4,298324.2,299671,302675.8,307632.4,319431.3,324773.2,325372,337218.9,328722.9,331542.2,336183.4,338606.2,348896,356134.2,364020.1,369712.3,375275,379570.6,383645.8,386140.9,394914.2,398257.5,402812.6,411112.8,417618.4,423221.4,429002.2,435928.6,445256.5,449122.4,458376,465579.2,481232.4,487244,493002.6,499809.6,507762.7,543467.4,531685.6,527411.6,584653.4,563859.7,564534.3,570635.9,573989.3,583996.7,594566.4,604919.9,6715990,6733933,6755528,6778217,6798598,6819352,6840492,6859717,6877192,6894713,6914177,6933231,6948906,6965152,6986699,7011483,7033697,7056174,7083463,7113106,7139401,7166284,7198358,7233210,7265602,7298650,7333379,7367564,7398759,7430095,7460579,7487324,7510834,7535411,7560862,7584627,7605380,7627028,7651025,7674821,7695191,7713990,7727186,7732262,7731997,7736974,7747312,7758265,7766521,7778616,7792429,7804904,41784,42217,42528,42801,43880,43944,44248,44846,46448,47105,47059,48638,47306,47600,48118,48293,49604,50471,51390,51976,52564,52966,53296,53384,54354,54566,54929,55800,56444,56960,57503,58222,59282,59602,60625,61385,63275,63884,64436,65123,65984,70452,68807,68209,75615,72879,72868,73552,73906,75077,76301,77505,25324165,"332561","425485",17639837,"231649",15695704,"263712",6509180,"85.5",5689542,"95",5807216,"76.3",5091263,"85.5",12797135,"N/A",7783700,"N/A",777800,"38700","N/A",495318,5860320,"N/A",9300510,"N/A","3852","20782",1297485,"95",1187368,"95",4514313,"373169","2093390",6117102,"94.1",5480747,"84.3",16738512,"257479","389547",6422339,"89.7",5751005,"80.3",17451516,"243790","353768",1945274,"25.5",1936029,"27",1868394,"28.7",1791073,"30.1",698579,"57.7","N/A","N/A",TRUE,0.0929333495156072,"Pfizer",52.8055532641594,8.11247396202893e-06,53,"WA","Far West"
54000,"West Virginia",5,59466,60351.4,61473.5,61724.3,62998.6,64039.4,64753,65118.1,65490.9,66139.4,65552.5,66411.3,65517.2,65636.9,65479.4,65657.6,66405.1,67528.9,68169.4,68954.1,69060.6,69456,69251.4,68946.3,68445.7,68542.7,68561.5,68970.5,70763.5,70909.3,71574.1,72131.2,72967.1,73999.6,75603.1,76390.4,77045,77489.7,77605.5,77179.2,77370.4,87188.4,80103.8,79222.1,92270.6,84086.5,83909.2,85540.8,85858.9,86918.1,87532.2,88818.8,1852361,1853690,1855083,1856088,1856400,1856882,1857730,1858323,1858411,1858534,1858852,1858729,1857602,1856781,1856418,1855880,1854588,1853439,1852551,1851309,1849072,1847109,1845309,1843016,1839989,1837183,1834634,1831704,1827942,1824325,1821549,1818809,1815202,1811973,1809608,1807386,1804356,1801595,1799646,1797885,1795141,1792438,1790952,1789708,1786966,1785775,1784473,1781784,1778320,1775998,1774723,1773574,32103,32557,33138,33255,33936,34488,34856,35041,35240,35587,35265,35729,35270,35350,35272,35378,35806,36434,36798,37246,37349,37603,37528,37409,37199,37309,37371,37654,38712,38869,39293,39658,40198,40839,41779,42266,42699,43012,43123,42928,43100,48642,44727,44265,51635,47087,47022,48008,48281,48940,49322,50079,5476395,"305577","382275",3094030,"172644",2892483,"201907",1211542,"67.6",1113724,"77.7",1071090,"59.8",988786,"69",2693605,"N/A",1962360,"N/A",172600,"10000","N/A",68645,1243942,"N/A",1571006,"N/A","271","2348",353889,"95",321840,"87.7",1082814,"295036","1492160",1177282,"75.6",1044662,"67.1",3028478,"194403","351538",1207553,"71.1",1068843,"62.9",3086629,"181660","322307",207145,"11.6",207141,"12.2",205261,"13.2",201576,"14.1",113881,"31","N/A","N/A",FALSE,0.0733105414422282,"Pfizer",73.7354028651592,6.08607896921107e-05,54,"WV","Mid-Atlantic"
55000,"Wisconsin",3,218280.1,221682.8,224249.7,227718,232625.9,234444.1,237874.4,236790.7,243324.5,245255.9,244138.5,252250.1,245126.1,247482.6,248871.3,249909.4,252761.5,257421.5,259671.8,263536.2,266327,268965.8,270985.9,272536.8,272303.6,273122.5,275690.5,276382,280052.3,282537,286870.5,288846.1,294096.7,295481.8,299735.1,303713.9,307546.1,310160.3,311280.4,315089.4,317873.9,341141.2,327748.3,331727.9,367286,344112.9,345543.8,349262.5,352607.1,356233.1,364211.7,369684.6,5685016,5689565,5695558,5701650,5705706,5710271,5716440,5722332,5726733,5731288,5738074,5745048,5749084,5753932,5760492,5766837,5771029,5775563,5781448,5786589,5788896,5791900,5797142,5802525,5805812,5809731,5816241,5823334,5828055,5833054,5840090,5846663,5850548,5855547,5862278,5868578,5872411,5877125,5883463,5889351,5892355,5894488,5895118,5891762,5883953,5880671,5882435,5885218,5885708,5889603,5894925,5898992,38396,38963,39373,39939,40771,41057,41612,41380,42489,42792,42547,43907,42637,43011,43203,43336,43798,44571,44915,45543,46007,46438,46745,46969,46902,47011,47400,47461,48052,48437,49121,49404,50268,50462,51129,51753,52371,52774,52908,53502,53947,57875,55597,56304,62422,58516,58742,59346,59909,60485,61784,62669,16338475,"280612","358627",12406265,"213077",11231755,"246535",4383445,"75.3",3878650,"85.1",3978606,"68.3",3537296,"77.6",8181185,"N/A",5142400,"N/A",457200,"21200","N/A",338915,4215065,"N/A",6526550,"N/A","1491","5087",1080716,"95",1008442,"95",3929361,"386276","1606150",4154292,"83.1",3787454,"75.8",11895876,"237927","326783",4338570,"79",3952626,"72",12311375,"224172","297499",1310564,"22.5",1307901,"23.8",1276399,"25.5",1230789,"27",589418,"57.9","N/A","N/A",FALSE,0.0843365435177127,"Pfizer",65.8194850421143,1.50154695774931e-05,55,"WI","Great Lakes"
56000,"Wyoming",7,25491.3,26069.2,26717.1,27037.5,28201.8,28448.7,28946.9,29549.2,30517.8,31226.6,30746.5,32307.7,30923.8,31067,31258,31711.5,32605,33405.1,33915.9,34271.4,34173.2,33835.2,33765.7,33272.9,32167.9,31812.9,31756.5,31896.9,32405.6,32916.4,33080.7,33406.6,33962.5,34399.2,35024.5,35652.1,36405.5,36692.9,37152.3,37305.4,37517.8,39254.9,37528.7,37594.5,41652.1,39655,39741.8,40242.4,40872.3,41026.6,41646,42361.9,563194,564096,564798,565478,565977,566538,567988,570227,572311,574419,576291,577753,578953,580229,580993,581105,580994,580930,581400,582187,582705,583294,583516,583170,582637,582160,581354,580026,578460,576925,576139,575891,575364,574937,574959,575178,575182,575246,575686,576308,576664,577180,577921,578463,578566,579119,579790,580244,580464,581017,581847,582701,45262,46214,47304,47814,49828,50215,50964,51820,53324,54362,53352,55920,53413,53543,53801,54571,56119,57503,58335,58867,58646,58007,57866,57055,55211,54646,54625,54992,56021,57055,57418,58009,59028,59831,60917,61984,63294,63786,64536,64732,65060,68012,64937,64990,71992,68475,68545,69354,70413,70612,71575,72699,1274595,"220229","286410",852206,"147247",789026,"177299",353371,"61.1",322704,"72.5",307401,"53.1",281723,"63.3",585145,"N/A",490040,"N/A",49300,"3300","N/A",29201,347483,"N/A",410487,"N/A","197","1250",97321,"95",87089,"87.8",283568,"285915","1285150",342123,"69.7",298549,"60.8",829892,"169117","259739",352019,"64.7",306721,"56.4",849569,"156220","234375",64709,"11.2",64704,"11.9",63730,"13",62116,"14",34203,"34.5","N/A","N/A",FALSE,0.119879390215949,"Pfizer",72.0406780621266,0.000203866978507366,56,"WY","Rockies"
